source_run,source,filename,reason
runs\live_strategy_suite\live_family_plus_token_decrease_band_scaled_liquidity_v1,runs\live_strategy_suite\live_family_plus_token_decrease_band_scaled_liquidity_v1\market_data\btc-updown-5m-1778954400.csv,btc-updown-5m-1778954400.csv,ready: first_elapsed=0.468s ptb_elapsed=0.468s last_elapsed=299.959s
runs\live_strategy_suite\live_family_plus_token_decrease_band_scaled_liquidity_v1,runs\live_strategy_suite\live_family_plus_token_decrease_band_scaled_liquidity_v1\market_data\btc-updown-5m-1778954700.csv,btc-updown-5m-1778954700.csv,ready: first_elapsed=1.774s ptb_elapsed=2.316s last_elapsed=299.990s
runs\live_strategy_suite\live_family_plus_token_decrease_band_scaled_liquidity_v1,runs\live_strategy_suite\live_family_plus_token_decrease_band_scaled_liquidity_v1\market_data\btc-updown-5m-1778955000.csv,btc-updown-5m-1778955000.csv,ready: first_elapsed=1.666s ptb_elapsed=2.207s last_elapsed=300.068s
runs\live_strategy_suite\live_family_plus_token_decrease_band_scaled_liquidity_v1,runs\live_strategy_suite\live_family_plus_token_decrease_band_scaled_liquidity_v1\market_data\btc-updown-5m-1778955300.csv,btc-updown-5m-1778955300.csv,ready: first_elapsed=1.893s ptb_elapsed=2.277s last_elapsed=300.024s
runs\live_strategy_suite\live_family_plus_token_decrease_band_scaled_liquidity_v1,runs\live_strategy_suite\live_family_plus_token_decrease_band_scaled_liquidity_v1\market_data\btc-updown-5m-1778955600.csv,btc-updown-5m-1778955600.csv,ready: first_elapsed=1.741s ptb_elapsed=2.102s last_elapsed=299.944s
runs\live_strategy_suite\live_family_plus_token_decrease_band_scaled_liquidity_v1,runs\live_strategy_suite\live_family_plus_token_decrease_band_scaled_liquidity_v1\market_data\btc-updown-5m-1778955900.csv,btc-updown-5m-1778955900.csv,ready: first_elapsed=1.713s ptb_elapsed=2.303s last_elapsed=299.957s
runs\live_strategy_suite\live_family_plus_token_decrease_band_scaled_liquidity_v1,runs\live_strategy_suite\live_family_plus_token_decrease_band_scaled_liquidity_v1\market_data\btc-updown-5m-1778956200.csv,btc-updown-5m-1778956200.csv,ready: first_elapsed=1.804s ptb_elapsed=2.185s last_elapsed=299.951s
runs\live_strategy_suite\live_family_plus_token_decrease_band_scaled_liquidity_v1,runs\live_strategy_suite\live_family_plus_token_decrease_band_scaled_liquidity_v1\market_data\btc-updown-5m-1778956500.csv,btc-updown-5m-1778956500.csv,ready: first_elapsed=1.982s ptb_elapsed=1.982s last_elapsed=300.058s
runs\live_strategy_suite\live_family_plus_token_decrease_band_scaled_liquidity_v1,runs\live_strategy_suite\live_family_plus_token_decrease_band_scaled_liquidity_v1\market_data\btc-updown-5m-1778956800.csv,btc-updown-5m-1778956800.csv,ready: first_elapsed=1.870s ptb_elapsed=2.073s last_elapsed=300.022s
runs\live_strategy_suite\live_family_plus_token_decrease_band_scaled_liquidity_v1,runs\live_strategy_suite\live_family_plus_token_decrease_band_scaled_liquidity_v1\market_data\btc-updown-5m-1778957100.csv,btc-updown-5m-1778957100.csv,ready: first_elapsed=2.158s ptb_elapsed=2.158s last_elapsed=300.089s
runs\live_strategy_suite\live_family_plus_token_decrease_band_scaled_liquidity_v1,runs\live_strategy_suite\live_family_plus_token_decrease_band_scaled_liquidity_v1\market_data\btc-updown-5m-1778957400.csv,btc-updown-5m-1778957400.csv,ready: first_elapsed=1.888s ptb_elapsed=2.255s last_elapsed=300.054s
runs\live_strategy_suite\live_family_plus_token_decrease_band_scaled_liquidity_v1,runs\live_strategy_suite\live_family_plus_token_decrease_band_scaled_liquidity_v1\market_data\btc-updown-5m-1778957700.csv,btc-updown-5m-1778957700.csv,ready: first_elapsed=1.550s ptb_elapsed=2.284s last_elapsed=300.007s
runs\live_strategy_suite\live_family_plus_token_decrease_band_scaled_liquidity_v1,runs\live_strategy_suite\live_family_plus_token_decrease_band_scaled_liquidity_v1\market_data\btc-updown-5m-1778958000.csv,btc-updown-5m-1778958000.csv,ready: first_elapsed=1.912s ptb_elapsed=1.912s last_elapsed=300.104s
runs\live_strategy_suite\live_family_plus_token_decrease_band_scaled_liquidity_v1,runs\live_strategy_suite\live_family_plus_token_decrease_band_scaled_liquidity_v1\market_data\btc-updown-5m-1778958300.csv,btc-updown-5m-1778958300.csv,ready: first_elapsed=2.118s ptb_elapsed=2.303s last_elapsed=300.002s
runs\live_strategy_suite\live_family_plus_token_decrease_band_scaled_liquidity_v1,runs\live_strategy_suite\live_family_plus_token_decrease_band_scaled_liquidity_v1\market_data\btc-updown-5m-1778958600.csv,btc-updown-5m-1778958600.csv,ready: first_elapsed=2.111s ptb_elapsed=2.304s last_elapsed=299.973s
runs\live_strategy_suite\live_family_plus_token_decrease_band_scaled_liquidity_v1,runs\live_strategy_suite\live_family_plus_token_decrease_band_scaled_liquidity_v1\market_data\btc-updown-5m-1778958900.csv,btc-updown-5m-1778958900.csv,ready: first_elapsed=2.158s ptb_elapsed=2.158s last_elapsed=299.988s
runs\live_strategy_suite\live_family_plus_token_decrease_band_scaled_liquidity_v1,runs\live_strategy_suite\live_family_plus_token_decrease_band_scaled_liquidity_v1\market_data\btc-updown-5m-1778959200.csv,btc-updown-5m-1778959200.csv,ready: first_elapsed=1.734s ptb_elapsed=2.156s last_elapsed=300.087s
runs\live_strategy_suite\live_family_plus_token_decrease_band_scaled_liquidity_v1,runs\live_strategy_suite\live_family_plus_token_decrease_band_scaled_liquidity_v1\market_data\btc-updown-5m-1778959500.csv,btc-updown-5m-1778959500.csv,ready: first_elapsed=1.583s ptb_elapsed=2.123s last_elapsed=299.953s
runs\live_strategy_suite\live_family_plus_token_decrease_band_scaled_liquidity_v1,runs\live_strategy_suite\live_family_plus_token_decrease_band_scaled_liquidity_v1\market_data\btc-updown-5m-1778960100.csv,btc-updown-5m-1778960100.csv,ready: first_elapsed=0.486s ptb_elapsed=1.314s last_elapsed=299.980s
runs\live_strategy_suite\live_family_plus_token_decrease_band_scaled_liquidity_v1,runs\live_strategy_suite\live_family_plus_token_decrease_band_scaled_liquidity_v1\market_data\btc-updown-5m-1778960400.csv,btc-updown-5m-1778960400.csv,ready: first_elapsed=2.234s ptb_elapsed=2.234s last_elapsed=300.033s
runs\live_strategy_suite\live_family_plus_token_decrease_band_scaled_liquidity_v1,runs\live_strategy_suite\live_family_plus_token_decrease_band_scaled_liquidity_v1\market_data\btc-updown-5m-1778960700.csv,btc-updown-5m-1778960700.csv,ready: first_elapsed=2.173s ptb_elapsed=2.173s last_elapsed=300.040s
runs\live_strategy_suite\live_family_plus_token_decrease_band_scaled_liquidity_v1,runs\live_strategy_suite\live_family_plus_token_decrease_band_scaled_liquidity_v1\market_data\btc-updown-5m-1778961000.csv,btc-updown-5m-1778961000.csv,ready: first_elapsed=2.139s ptb_elapsed=2.139s last_elapsed=299.972s
runs\live_strategy_suite\live_family_plus_token_decrease_band_scaled_liquidity_v1,runs\live_strategy_suite\live_family_plus_token_decrease_band_scaled_liquidity_v1\market_data\btc-updown-5m-1778961300.csv,btc-updown-5m-1778961300.csv,ready: first_elapsed=1.867s ptb_elapsed=2.264s last_elapsed=299.991s
runs\live_strategy_suite\live_family_plus_token_decrease_band_scaled_liquidity_v1,runs\live_strategy_suite\live_family_plus_token_decrease_band_scaled_liquidity_v1\market_data\btc-updown-5m-1778961600.csv,btc-updown-5m-1778961600.csv,ready: first_elapsed=1.951s ptb_elapsed=2.154s last_elapsed=299.947s
runs\live_strategy_suite\live_family_plus_token_decrease_band_scaled_liquidity_v1,runs\live_strategy_suite\live_family_plus_token_decrease_band_scaled_liquidity_v1\market_data\btc-updown-5m-1778961900.csv,btc-updown-5m-1778961900.csv,ready: first_elapsed=1.964s ptb_elapsed=2.149s last_elapsed=299.987s
runs\live_strategy_suite\live_family_plus_token_decrease_band_scaled_liquidity_v1,runs\live_strategy_suite\live_family_plus_token_decrease_band_scaled_liquidity_v1\market_data\btc-updown-5m-1778962200.csv,btc-updown-5m-1778962200.csv,ready: first_elapsed=1.904s ptb_elapsed=2.282s last_elapsed=300.009s
runs\live_strategy_suite\live_family_plus_token_decrease_band_scaled_liquidity_v1,runs\live_strategy_suite\live_family_plus_token_decrease_band_scaled_liquidity_v1\market_data\btc-updown-5m-1778962500.csv,btc-updown-5m-1778962500.csv,ready: first_elapsed=2.352s ptb_elapsed=2.352s last_elapsed=299.974s
runs\live_strategy_suite\live_family_plus_token_decrease_band_scaled_liquidity_v1,runs\live_strategy_suite\live_family_plus_token_decrease_band_scaled_liquidity_v1\market_data\btc-updown-5m-1778962800.csv,btc-updown-5m-1778962800.csv,ready: first_elapsed=1.830s ptb_elapsed=2.205s last_elapsed=299.945s
runs\live_strategy_suite\live_family_plus_token_decrease_band_scaled_liquidity_v1,runs\live_strategy_suite\live_family_plus_token_decrease_band_scaled_liquidity_v1\market_data\btc-updown-5m-1778963100.csv,btc-updown-5m-1778963100.csv,ready: first_elapsed=1.828s ptb_elapsed=2.203s last_elapsed=300.092s
runs\live_strategy_suite\live_family_plus_token_decrease_band_scaled_liquidity_v1,runs\live_strategy_suite\live_family_plus_token_decrease_band_scaled_liquidity_v1\market_data\btc-updown-5m-1778963400.csv,btc-updown-5m-1778963400.csv,ready: first_elapsed=2.007s ptb_elapsed=2.228s last_elapsed=300.046s
runs\live_strategy_suite\live_family_plus_token_decrease_band_scaled_liquidity_v1,runs\live_strategy_suite\live_family_plus_token_decrease_band_scaled_liquidity_v1\market_data\btc-updown-5m-1778963700.csv,btc-updown-5m-1778963700.csv,ready: first_elapsed=2.201s ptb_elapsed=2.201s last_elapsed=300.081s
runs\live_strategy_suite\live_family_plus_token_decrease_band_scaled_liquidity_v1,runs\live_strategy_suite\live_family_plus_token_decrease_band_scaled_liquidity_v1\market_data\btc-updown-5m-1778964000.csv,btc-updown-5m-1778964000.csv,ready: first_elapsed=1.813s ptb_elapsed=2.172s last_elapsed=299.995s
runs\live_strategy_suite\live_family_plus_token_decrease_band_scaled_liquidity_v1,runs\live_strategy_suite\live_family_plus_token_decrease_band_scaled_liquidity_v1\market_data\btc-updown-5m-1778964300.csv,btc-updown-5m-1778964300.csv,ready: first_elapsed=1.980s ptb_elapsed=2.167s last_elapsed=300.149s
runs\live_strategy_suite\live_family_plus_token_decrease_band_scaled_liquidity_v1,runs\live_strategy_suite\live_family_plus_token_decrease_band_scaled_liquidity_v1\market_data\btc-updown-5m-1778964600.csv,btc-updown-5m-1778964600.csv,ready: first_elapsed=2.229s ptb_elapsed=2.229s last_elapsed=299.987s
runs\live_strategy_suite\live_family_plus_token_decrease_band_scaled_liquidity_v1,runs\live_strategy_suite\live_family_plus_token_decrease_band_scaled_liquidity_v1\market_data\btc-updown-5m-1778964900.csv,btc-updown-5m-1778964900.csv,ready: first_elapsed=1.879s ptb_elapsed=2.264s last_elapsed=300.031s
runs\live_strategy_suite\live_family_plus_token_decrease_band_scaled_liquidity_v1,runs\live_strategy_suite\live_family_plus_token_decrease_band_scaled_liquidity_v1\market_data\btc-updown-5m-1778965200.csv,btc-updown-5m-1778965200.csv,ready: first_elapsed=2.016s ptb_elapsed=2.195s last_elapsed=299.995s
runs\live_strategy_suite\live_family_plus_token_decrease_band_scaled_liquidity_v1,runs\live_strategy_suite\live_family_plus_token_decrease_band_scaled_liquidity_v1\market_data\btc-updown-5m-1778965500.csv,btc-updown-5m-1778965500.csv,ready: first_elapsed=1.838s ptb_elapsed=2.200s last_elapsed=299.966s
runs\live_strategy_suite\live_family_plus_token_decrease_band_scaled_liquidity_v1,runs\live_strategy_suite\live_family_plus_token_decrease_band_scaled_liquidity_v1\market_data\btc-updown-5m-1778965800.csv,btc-updown-5m-1778965800.csv,ready: first_elapsed=1.952s ptb_elapsed=2.150s last_elapsed=299.996s
runs\live_strategy_suite\live_family_plus_token_decrease_band_scaled_liquidity_v1,runs\live_strategy_suite\live_family_plus_token_decrease_band_scaled_liquidity_v1\market_data\btc-updown-5m-1778966100.csv,btc-updown-5m-1778966100.csv,ready: first_elapsed=2.061s ptb_elapsed=2.061s last_elapsed=299.979s
runs\live_strategy_suite\live_family_plus_token_decrease_band_scaled_liquidity_v1,runs\live_strategy_suite\live_family_plus_token_decrease_band_scaled_liquidity_v1\market_data\btc-updown-5m-1778966400.csv,btc-updown-5m-1778966400.csv,ready: first_elapsed=1.959s ptb_elapsed=1.959s last_elapsed=300.036s
runs\live_strategy_suite\live_family_plus_token_decrease_band_scaled_liquidity_v1,runs\live_strategy_suite\live_family_plus_token_decrease_band_scaled_liquidity_v1\market_data\btc-updown-5m-1778966700.csv,btc-updown-5m-1778966700.csv,ready: first_elapsed=2.132s ptb_elapsed=2.355s last_elapsed=300.079s
runs\live_strategy_suite\live_family_plus_token_decrease_band_scaled_liquidity_v1,runs\live_strategy_suite\live_family_plus_token_decrease_band_scaled_liquidity_v1\market_data\btc-updown-5m-1778967000.csv,btc-updown-5m-1778967000.csv,ready: first_elapsed=2.014s ptb_elapsed=2.215s last_elapsed=300.094s
runs\live_strategy_suite\live_family_plus_token_decrease_band_scaled_liquidity_v1,runs\live_strategy_suite\live_family_plus_token_decrease_band_scaled_liquidity_v1\market_data\btc-updown-5m-1778967300.csv,btc-updown-5m-1778967300.csv,ready: first_elapsed=1.953s ptb_elapsed=2.140s last_elapsed=300.200s
runs\live_strategy_suite\live_family_plus_token_decrease_band_scaled_liquidity_v1,runs\live_strategy_suite\live_family_plus_token_decrease_band_scaled_liquidity_v1\market_data\btc-updown-5m-1778967600.csv,btc-updown-5m-1778967600.csv,ready: first_elapsed=2.236s ptb_elapsed=2.236s last_elapsed=299.992s
runs\live_strategy_suite\live_family_plus_token_decrease_band_scaled_liquidity_v1,runs\live_strategy_suite\live_family_plus_token_decrease_band_scaled_liquidity_v1\market_data\btc-updown-5m-1778967900.csv,btc-updown-5m-1778967900.csv,ready: first_elapsed=1.915s ptb_elapsed=1.915s last_elapsed=300.040s
runs\live_strategy_suite\live_family_plus_token_decrease_band_scaled_liquidity_v1,runs\live_strategy_suite\live_family_plus_token_decrease_band_scaled_liquidity_v1\market_data\btc-updown-5m-1778968200.csv,btc-updown-5m-1778968200.csv,ready: first_elapsed=2.061s ptb_elapsed=2.254s last_elapsed=299.981s
runs\live_strategy_suite\live_family_plus_token_decrease_band_scaled_liquidity_v1,runs\live_strategy_suite\live_family_plus_token_decrease_band_scaled_liquidity_v1\market_data\btc-updown-5m-1778968500.csv,btc-updown-5m-1778968500.csv,ready: first_elapsed=1.899s ptb_elapsed=2.270s last_elapsed=299.960s
runs\live_strategy_suite\live_family_plus_token_decrease_band_scaled_liquidity_v1,runs\live_strategy_suite\live_family_plus_token_decrease_band_scaled_liquidity_v1\market_data\btc-updown-5m-1778968800.csv,btc-updown-5m-1778968800.csv,ready: first_elapsed=2.007s ptb_elapsed=2.204s last_elapsed=300.053s
runs\live_strategy_suite\live_family_plus_token_decrease_band_scaled_liquidity_v1,runs\live_strategy_suite\live_family_plus_token_decrease_band_scaled_liquidity_v1\market_data\btc-updown-5m-1778969100.csv,btc-updown-5m-1778969100.csv,ready: first_elapsed=1.983s ptb_elapsed=2.181s last_elapsed=299.982s
runs\live_strategy_suite\live_family_plus_token_decrease_band_scaled_liquidity_v1,runs\live_strategy_suite\live_family_plus_token_decrease_band_scaled_liquidity_v1\market_data\btc-updown-5m-1778969400.csv,btc-updown-5m-1778969400.csv,ready: first_elapsed=1.980s ptb_elapsed=2.155s last_elapsed=300.046s
runs\live_strategy_suite\live_family_plus_token_decrease_band_scaled_liquidity_v1,runs\live_strategy_suite\live_family_plus_token_decrease_band_scaled_liquidity_v1\market_data\btc-updown-5m-1778969700.csv,btc-updown-5m-1778969700.csv,ready: first_elapsed=2.098s ptb_elapsed=2.300s last_elapsed=299.961s
runs\live_strategy_suite\live_family_plus_token_decrease_band_scaled_liquidity_v1,runs\live_strategy_suite\live_family_plus_token_decrease_band_scaled_liquidity_v1\market_data\btc-updown-5m-1778970300.csv,btc-updown-5m-1778970300.csv,ready: first_elapsed=0.381s ptb_elapsed=1.164s last_elapsed=299.990s
runs\live_strategy_suite\live_family_plus_token_decrease_band_scaled_liquidity_v1,runs\live_strategy_suite\live_family_plus_token_decrease_band_scaled_liquidity_v1\market_data\btc-updown-5m-1778970900.csv,btc-updown-5m-1778970900.csv,ready: first_elapsed=0.369s ptb_elapsed=0.369s last_elapsed=300.038s
runs\live_strategy_suite\live_family_plus_token_decrease_band_scaled_liquidity_v1,runs\live_strategy_suite\live_family_plus_token_decrease_band_scaled_liquidity_v1\market_data\btc-updown-5m-1778971500.csv,btc-updown-5m-1778971500.csv,ready: first_elapsed=0.354s ptb_elapsed=0.354s last_elapsed=300.028s
runs\live_strategy_suite\live_compound_band_scaled_start50_liquidity_v2,runs\live_strategy_suite\live_compound_band_scaled_start50_liquidity_v2\market_data\btc-updown-5m-1778948100.csv,btc-updown-5m-1778948100.csv,ready: first_elapsed=0.485s ptb_elapsed=1.263s last_elapsed=299.973s
runs\live_strategy_suite\live_compound_band_scaled_start50_liquidity_v2,runs\live_strategy_suite\live_compound_band_scaled_start50_liquidity_v2\market_data\btc-updown-5m-1778948400.csv,btc-updown-5m-1778948400.csv,ready: first_elapsed=0.723s ptb_elapsed=1.260s last_elapsed=299.957s
runs\live_strategy_suite\live_compound_band_scaled_start50_liquidity_v2,runs\live_strategy_suite\live_compound_band_scaled_start50_liquidity_v2\market_data\btc-updown-5m-1778948700.csv,btc-updown-5m-1778948700.csv,ready: first_elapsed=0.786s ptb_elapsed=0.986s last_elapsed=300.066s
runs\live_strategy_suite\live_compound_band_scaled_start50_liquidity_v2,runs\live_strategy_suite\live_compound_band_scaled_start50_liquidity_v2\market_data\btc-updown-5m-1778949000.csv,btc-updown-5m-1778949000.csv,ready: first_elapsed=1.658s ptb_elapsed=1.658s last_elapsed=300.070s
runs\live_strategy_suite\live_compound_band_scaled_start50_liquidity_v2,runs\live_strategy_suite\live_compound_band_scaled_start50_liquidity_v2\market_data\btc-updown-5m-1778949300.csv,btc-updown-5m-1778949300.csv,ready: first_elapsed=1.623s ptb_elapsed=1.623s last_elapsed=299.954s
runs\live_strategy_suite\live_compound_band_scaled_start50_liquidity_v2,runs\live_strategy_suite\live_compound_band_scaled_start50_liquidity_v2\market_data\btc-updown-5m-1778949600.csv,btc-updown-5m-1778949600.csv,ready: first_elapsed=0.839s ptb_elapsed=1.230s last_elapsed=299.952s
runs\live_strategy_suite\live_compound_band_scaled_start50_liquidity_v2,runs\live_strategy_suite\live_compound_band_scaled_start50_liquidity_v2\market_data\btc-updown-5m-1778949900.csv,btc-updown-5m-1778949900.csv,ready: first_elapsed=1.540s ptb_elapsed=2.179s last_elapsed=300.059s
runs\live_strategy_suite\live_compound_band_scaled_start50_liquidity_v2,runs\live_strategy_suite\live_compound_band_scaled_start50_liquidity_v2\market_data\btc-updown-5m-1778950200.csv,btc-updown-5m-1778950200.csv,ready: first_elapsed=1.502s ptb_elapsed=2.263s last_elapsed=300.129s
runs\live_strategy_suite\live_compound_band_scaled_start50_liquidity_v2,runs\live_strategy_suite\live_compound_band_scaled_start50_liquidity_v2\market_data\btc-updown-5m-1778950500.csv,btc-updown-5m-1778950500.csv,ready: first_elapsed=1.648s ptb_elapsed=1.857s last_elapsed=300.029s
runs\live_strategy_suite\live_compound_band_scaled_start50_liquidity_v2,runs\live_strategy_suite\live_compound_band_scaled_start50_liquidity_v2\market_data\btc-updown-5m-1778950800.csv,btc-updown-5m-1778950800.csv,ready: first_elapsed=1.567s ptb_elapsed=1.761s last_elapsed=300.071s
runs\live_strategy_suite\live_compound_band_scaled_start50_liquidity_v2,runs\live_strategy_suite\live_compound_band_scaled_start50_liquidity_v2\market_data\btc-updown-5m-1778951100.csv,btc-updown-5m-1778951100.csv,ready: first_elapsed=1.426s ptb_elapsed=1.426s last_elapsed=299.933s
runs\live_strategy_suite\live_compound_band_scaled_start50_liquidity_v2,runs\live_strategy_suite\live_compound_band_scaled_start50_liquidity_v2\market_data\btc-updown-5m-1778951400.csv,btc-updown-5m-1778951400.csv,ready: first_elapsed=1.011s ptb_elapsed=1.200s last_elapsed=300.358s
runs\live_strategy_suite\live_compound_band_scaled_start50_liquidity_v2,runs\live_strategy_suite\live_compound_band_scaled_start50_liquidity_v2\market_data\btc-updown-5m-1778951700.csv,btc-updown-5m-1778951700.csv,ready: first_elapsed=1.544s ptb_elapsed=1.544s last_elapsed=300.053s
runs\live_strategy_suite\20260516_103624_family_fixed100,runs\live_strategy_suite\20260516_103624_family_fixed100\market_data\btc-updown-5m-1778924400.csv,btc-updown-5m-1778924400.csv,ready: first_elapsed=0.493s ptb_elapsed=0.493s last_elapsed=300.041s
runs\live_strategy_suite\20260516_103624_family_fixed100,runs\live_strategy_suite\20260516_103624_family_fixed100\market_data\btc-updown-5m-1778924700.csv,btc-updown-5m-1778924700.csv,ready: first_elapsed=1.337s ptb_elapsed=1.337s last_elapsed=300.032s
runs\live_strategy_suite\20260516_103624_family_fixed100,runs\live_strategy_suite\20260516_103624_family_fixed100\market_data\btc-updown-5m-1778925300.csv,btc-updown-5m-1778925300.csv,ready: first_elapsed=3.027s ptb_elapsed=3.027s last_elapsed=299.936s
