time_fraction_elapsed,up_price,up_price_change_0_5s,up_price_change_1s,up_price_change_5s,up_price_change_15s,up_price_change_30s,btc_return_0_5s,btc_return_1s,btc_return_5s,btc_return_15s,btc_return_30s,btc_return_60s,btc_volatility_5s,btc_volatility_15s,btc_volatility_30s,btc_volatility_60s,btc_distance_to_beat_pct,market_confidence_gap
0.00116666666666667,0.5,,,,,,,,,,,,0,0,0,0,,
0.0019,0.5,,,,,,,,,,,,0,0,0,0,0,-0.5
0.00256666666666667,0.52,,,,,,,,,,,,0,0,0,0,0,-0.52
0.00326666666666667,0.52,0.02,,,,,,,,,,,0,0,0,0,0,-0.52
0.00393333333333333,0.53,0.03,,,,,0,,,,,,0,0,0,0,0,-0.53
0.00463333333333333,0.53,0.01,0.03,,,,0,,,,,,0,0,0,0,0,-0.53
0.00533333333333333,0.53,0.01,0.03,,,,0,0,,,,,0,0,0,0,0,-0.53
0.00606666666666667,0.53,0,0.01,,,,1.39480612953165e-07,1.39480612953165e-07,,,,,5.19813553511023e-08,5.19813553511023e-08,5.19813553511023e-08,5.19813553511023e-08,1.39480612953165e-07,0.47
0.00676666666666667,0.53,0,0.01,,,,1.39480612953165e-07,1.39480612953165e-07,,,,,4.88080472494124e-08,4.88080472494124e-08,4.88080472494124e-08,4.88080472494124e-08,1.39480612953165e-07,0.47
0.0075,0.53,0,0,,,,1.39480612953165e-07,1.39480612953165e-07,,,,,4.6128876823616e-08,4.6128876823616e-08,4.6128876823616e-08,4.6128876823616e-08,1.39480612953165e-07,0.47
0.0082,0.53,0,0,,,,-5.28446013496415e-08,8.66360042327257e-08,,,,,4.8777745004769e-08,4.8777745004769e-08,4.8777745004769e-08,4.8777745004769e-08,8.66360042327257e-08,0.47
0.0089,0.63,0.1,0.1,,,,-5.28446013496415e-08,8.66360042327257e-08,,,,,4.63646561843571e-08,4.63646561843571e-08,4.63646561843571e-08,4.63646561843571e-08,8.66360042327257e-08,0.37
0.0096,0.63,0.1,0.1,,,,-5.28446013496415e-08,-5.28446013496415e-08,,,,,4.4277069750723e-08,4.4277069750723e-08,4.4277069750723e-08,4.4277069750723e-08,8.66360042327257e-08,0.37
0.0103333333333333,0.63,0.1,0.1,,,,0,-5.28446013496415e-08,,,,,4.24479191409039e-08,4.24479191409039e-08,4.24479191409039e-08,4.24479191409039e-08,8.66360042327257e-08,0.37
0.0110666666666667,0.63,0,0.1,,,,0,-5.28446013496415e-08,,,,,4.08279920621053e-08,4.08279920621053e-08,4.08279920621053e-08,4.08279920621053e-08,8.66360042327257e-08,0.37
0.0118,0.63,0,0.1,,,,1.14143556094859e-05,1.14143556094859e-05,,,,,2.93819312357136e-06,2.93819312357136e-06,2.93819312357136e-06,2.93819312357136e-06,1.15009926026127e-05,0.37
0.0125,0.63,0,0,,,,1.14143556094859e-05,1.14143556094859e-05,,,,,2.84595120777092e-06,2.84595120777092e-06,2.84595120777092e-06,2.84595120777092e-06,1.15009926026127e-05,0.37
0.0132,0.58,-0.05,-0.05,,,,1.14143556094859e-05,1.14143556094859e-05,,,,,2.76182356940471e-06,2.76182356940471e-06,2.76182356940471e-06,2.76182356940471e-06,1.15009926026127e-05,0.42
0.0139333333333333,0.58,-0.05,-0.05,,,,2.82547000578874e-05,3.96693781765673e-05,,,,,7.01119426311848e-06,7.01119426311848e-06,7.01119426311848e-06,7.01119426311848e-06,3.97560176175965e-05,0.42
0.0146666666666667,0.54,-0.09,-0.09,,,,2.82547000578874e-05,3.96693781765673e-05,,,,,6.83468054478089e-06,6.83468054478089e-06,6.83468054478089e-06,6.83468054478089e-06,3.97560176175965e-05,0.46
0.0153666666666667,0.54,-0.0399999999999999,-0.09,,,,2.82547000578874e-05,2.82547000578874e-05,,,,,6.67064597059637e-06,6.67064597059637e-06,6.67064597059637e-06,6.67064597059637e-06,3.97560176175965e-05,0.46
0.0161333333333333,0.54,-0.0399999999999999,-0.09,,,,0,2.82547000578874e-05,,,,,6.51771465197185e-06,6.51771465197185e-06,6.51771465197185e-06,6.51771465197185e-06,3.97560176175965e-05,0.46
0.0168333333333333,0.63,0.09,0.05,,,,0,2.82547000578874e-05,,,,,6.37470901928883e-06,6.37470901928883e-06,6.37470901928883e-06,6.37470901928883e-06,3.97560176175965e-05,0.37
0.0175333333333333,0.63,0.09,0.05,,,,0,0,,,,,6.24061566337941e-06,6.24061566337941e-06,6.24061566337941e-06,6.24061566337941e-06,3.97560176175965e-05,0.37
0.0182,0.63,0.09,0.09,0.13,,,2.15696962344791e-05,2.15696962344791e-05,,,,,7.31400220439125e-06,7.31400220439125e-06,7.31400220439125e-06,7.31400220439125e-06,6.13265713772991e-05,0.37
0.0189333333333333,0.58,-0.05,0.0399999999999999,0.08,,,2.15696962344791e-05,2.15696962344791e-05,6.13265713772991e-05,,,,7.31400220439125e-06,7.17980239669658e-06,7.17980239669658e-06,7.17980239669658e-06,6.13265713772991e-05,0.42
0.0197,0.63,0,0.09,0.11,,,2.15696962344791e-05,2.15696962344791e-05,6.13265713772991e-05,,,,7.31400220439125e-06,7.05253856217045e-06,7.05253856217045e-06,7.05253856217045e-06,6.13265713772991e-05,0.37
0.0204333333333333,0.58,-0.05,-0.05,0.0599999999999999,,,1.51869934087818e-07,2.17215694443553e-05,6.14784506250493e-05,,,,7.31166026252028e-06,6.92972724237135e-06,6.92972724237135e-06,6.92972724237135e-06,6.14784506250493e-05,0.42
0.0212333333333333,0.63,0.05,0,0.1,,,1.51869934087818e-07,2.17215694443553e-05,6.14784506250493e-05,,,,7.31166026252028e-06,6.81483389517613e-06,6.81483389517613e-06,6.81483389517613e-06,6.14784506250493e-05,0.37
0.0220333333333333,0.63,0,0,0.1,,,1.51869934087818e-07,1.51869934087818e-07,6.14784506250493e-05,,,,7.45556096302316e-06,6.70536092634422e-06,6.70536092634422e-06,6.70536092634422e-06,6.14784506250493e-05,0.37
0.0228666666666667,0.63,0.05,0.05,0.1,,,0,1.51869934087818e-07,6.13389614565002e-05,,,,7.45556096302316e-06,6.60090569367247e-06,6.60090569367247e-06,6.60090569367247e-06,6.14784506250493e-05,0.37
0.0236333333333333,0.6,-0.03,-0.03,0.07,,,0,1.51869934087818e-07,6.13389614565002e-05,,,,7.45556096302316e-06,6.50110483544588e-06,6.50110483544588e-06,6.50110483544588e-06,6.14784506250493e-05,0.4
0.0244,0.6,-0.03,0.02,0.07,,,2.36988653473865e-07,2.36988653473865e-07,6.15759646466119e-05,,,,7.45078385045048e-06,6.40339940072758e-06,6.40339940072758e-06,6.40339940072758e-06,6.17154538482184e-05,0.4
0.0251,0.6,-0.03,-0.03,0.07,,,2.36988653473865e-07,2.36988653473865e-07,6.16288125047116e-05,,,,7.45078385045048e-06,6.31206336006842e-06,6.31206336006842e-06,6.31206336006842e-06,6.17154538482184e-05,0.4
0.0258333333333333,0.6,0,-0.03,-0.03,,,2.36988653473865e-07,2.36988653473865e-07,6.16288125047116e-05,,,,7.45078385045048e-06,6.22447582804798e-06,6.22447582804798e-06,6.22447582804798e-06,6.17154538482184e-05,0.4
0.0265333333333333,0.6,0,-0.03,-0.03,,,0,2.36988653473865e-07,6.16288125047116e-05,,,,7.45078385045048e-06,6.14039133441465e-06,6.14039133441465e-06,6.14039133441465e-06,6.17154538482184e-05,0.4
0.0272,0.58,-0.02,-0.02,-0.05,,,0,2.36988653473865e-07,6.16288125047116e-05,,,,7.45078385045048e-06,6.05958588843292e-06,6.05958588843292e-06,6.05958588843292e-06,6.17154538482184e-05,0.42
0.0279333333333333,0.58,-0.02,-0.02,-0.05,,,0,0,6.16288125047116e-05,,,,7.22700531448267e-06,5.98185468395608e-06,5.98185468395608e-06,5.98185468395608e-06,6.17154538482184e-05,0.42
0.0286333333333333,0.58,-0.02,-0.02,-0.05,,,9.80130618996378e-06,9.80130618996378e-06,6.00156820877135e-05,,,,7.37319748340882e-06,6.04444222943651e-06,6.04444222943651e-06,6.04444222943651e-06,7.1517364930242e-05,0.42
0.0293666666666667,0.58,0,-0.02,-0.05,,,9.80130618996378e-06,9.80130618996378e-06,6.00156820877135e-05,,,,7.37319748340882e-06,5.9723993132797e-06,5.9723993132797e-06,5.9723993132797e-06,7.1517364930242e-05,0.42
0.0304666666666667,0.58,0,-0.02,0,,,0,9.80130618996378e-06,6.00156820877135e-05,,,,4.8408636398992e-06,5.90283308216683e-06,5.90283308216683e-06,5.90283308216683e-06,7.1517364930242e-05,0.42
0.0311666666666667,0.58,0,0,0,,,2.70065871351691e-08,9.82831304179878e-06,3.1787092103027e-05,,,,4.84050081144934e-06,5.83540218871913e-06,5.83540218871913e-06,5.83540218871913e-06,7.15443734488171e-05,0.42
0.0318666666666667,0.58,0,0,0.0399999999999999,,,2.70065871351691e-08,9.82831304179878e-06,3.1787092103027e-05,,,,4.84050081144934e-06,5.77039899250322e-06,5.77039899250322e-06,5.77039899250322e-06,7.15443734488171e-05,0.42
0.0326,0.58,0,0,0.0399999999999999,,,2.70065871351691e-08,2.70065871351691e-08,3.1787092103027e-05,,,,4.84050081144934e-06,5.70749300196852e-06,5.70749300196852e-06,5.70749300196852e-06,7.15443734488171e-05,0.42
0.0332333333333333,0.58,0,0,0.0399999999999999,,,0,2.70065871351691e-08,3.1787092103027e-05,,,,4.84050081144934e-06,5.64657558606983e-06,5.64657558606983e-06,5.64657558606983e-06,7.15443734488171e-05,0.42
0.0339333333333333,0.58,0,0,-0.05,,,0,2.70065871351691e-08,3.1787092103027e-05,,,,4.84050081144934e-06,5.58754567613278e-06,5.58754567613278e-06,5.58754567613278e-06,7.15443734488171e-05,0.42
0.0347,0.58,0,0,-0.05,,,-3.63785231086461e-06,-3.63785231086461e-06,2.81491241554159e-05,,,,2.20960628996468e-06,5.57932971217567e-06,5.57932971217567e-06,5.57932971217567e-06,6.79062608700882e-05,0.42
0.0354666666666667,0.58,0,0,-0.05,,,-3.63785231086461e-06,-3.63785231086461e-06,6.57928600773613e-06,,,,2.20960628996468e-06,5.52273750977475e-06,5.52273750977475e-06,5.52273750977475e-06,6.79062608700882e-05,0.42
0.0361333333333333,0.58,0,0,0,,,-3.63785231086461e-06,-3.63785231086461e-06,6.57928600773613e-06,,,,2.20960628996468e-06,5.46782023532117e-06,5.46782023532117e-06,5.46782023532117e-06,6.79062608700882e-05,0.42
0.0368,0.58,0,0,-0.05,,,-5.02558738867836e-08,-3.68810800192795e-06,6.52902980320158e-06,,,,2.21061919189777e-06,5.41477589149676e-06,5.41477589149676e-06,5.41477589149676e-06,6.78560015835129e-05,0.42
0.0376,0.58,0,0,0,,,-5.02558738867836e-08,-3.68810800192795e-06,6.37715890061506e-06,,,,2.21061919189777e-06,5.3629642297604e-06,5.3629642297604e-06,5.3629642297604e-06,6.78560015835129e-05,0.42
0.0382666666666667,0.58,0,0,-0.05,,,-5.02558738867836e-08,-5.02558738867836e-08,6.37715890061506e-06,,,,2.21061919189777e-06,5.31260229509188e-06,5.31260229509188e-06,5.31260229509188e-06,6.78560015835129e-05,0.42
0.039,0.58,0,0,-0.05,,,0,-5.02558738867836e-08,6.37715890061506e-06,,,,2.21061919189777e-06,5.26362421986123e-06,5.26362421986123e-06,5.26362421986123e-06,6.78560015835129e-05,0.42
0.0396666666666667,0.58,0,0,-0.05,,,0,-5.02558738867836e-08,6.37715890061506e-06,,,,2.21061919189777e-06,5.21596821532134e-06,5.21596821532134e-06,5.21596821532134e-06,6.78560015835129e-05,0.42
0.0404333333333333,0.58,0,0,-0.02,,,3.99210531264241e-06,3.99210531264241e-06,1.03692896715474e-05,,,,2.34106813520155e-06,5.17944728444188e-06,5.17944728444188e-06,5.17944728444188e-06,7.18483777844597e-05,0.42
0.0411333333333333,0.57,-0.01,-0.01,-0.03,,,3.99210531264241e-06,3.99210531264241e-06,1.01322986168337e-05,,,,2.34106813520155e-06,5.1345188740697e-06,5.1345188740697e-06,5.1345188740697e-06,7.18483777844597e-05,0.43
0.0418333333333333,0.58,0,0,-0.02,,,3.99210531264241e-06,3.99210531264241e-06,1.01322986168337e-05,,,,2.34106813520155e-06,5.09073197534723e-06,5.09073197534723e-06,5.09073197534723e-06,7.18483777844597e-05,0.42
0.0461333333333333,0.58,0,0,0,,,-3.87128689251878e-06,-3.87128689251878e-06,-3.54029899112926e-06,,,,1.59822917805001e-06,5.09145656125109e-06,5.09145656125109e-06,5.09145656125109e-06,6.79768127462578e-05,0.42
0.0467666666666667,0.58,0,0,0,,,-3.87128689251878e-06,-3.87128689251878e-06,-3.54029899112926e-06,,,,1.55393193201571e-06,5.04911255588126e-06,5.04911255588126e-06,5.04911255588126e-06,6.79768127462578e-05,0.42
0.0474,0.58,0,0,0,,,-3.87128689251878e-06,-3.87128689251878e-06,-3.54029899112926e-06,,,,1.55372825401593e-06,5.00780304097414e-06,5.00780304097414e-06,5.00780304097414e-06,6.79768127462578e-05,0.42
0.0480666666666667,0.58,0,0,0,,,0,-3.87128689251878e-06,-3.56730548192368e-06,,,,1.55372825401593e-06,4.96748677909931e-06,4.96748677909931e-06,4.96748677909931e-06,6.79768127462578e-05,0.42
0.0487,0.58,0,0,0,,,3.47399934110566e-06,-3.97301000261242e-07,-9.33185336349173e-08,,,,1.76742829551571e-06,4.93487727992787e-06,4.93487727992787e-06,4.93487727992787e-06,7.14510482387661e-05,0.42
0.0494,0.58,0,0,0,,,3.47399934110566e-06,-3.97301000261242e-07,-9.33185336349173e-08,,,,1.76742829551571e-06,4.89659572992088e-06,4.89659572992088e-06,4.89659572992088e-06,7.14510482387661e-05,0.42
0.0501,0.58,0,0,0,,,3.47399934110566e-06,3.47399934110566e-06,-9.33185336349173e-08,,,,1.76742829551571e-06,4.85918725559854e-06,4.85918725559854e-06,4.85918725559854e-06,7.14510482387661e-05,0.42
0.0501,0.58,0,0,0,,,3.47399934110566e-06,3.47399934110566e-06,-9.33185336349173e-08,,,,1.7202887683526e-06,4.82261934328938e-06,4.82261934328938e-06,4.82261934328938e-06,7.14510482387661e-05,0.42
0.0507666666666667,0.58,0,0,0,,,0,3.47399934110566e-06,-9.33185336349173e-08,,,,1.49267871561502e-06,4.78686113940346e-06,4.78686113940346e-06,4.78686113940346e-06,7.14510482387661e-05,0.42
0.0514666666666667,0.58,0,0,0,0.08,,-2.59733923475792e-06,8.7665108319295e-07,9.47198230618942e-07,,,,1.61724119438418e-06,4.77183752893194e-06,4.77183752893194e-06,4.77183752893194e-06,6.88535234213973e-05,0.42
0.0522,0.59,0.01,0.01,0.01,0.09,,-2.59733923475792e-06,-2.59733923475792e-06,9.47198230618942e-07,6.88535234213973e-05,,,1.61724119438418e-06,4.77183752893194e-06,4.73731672449735e-06,4.73731672449735e-06,6.88535234213973e-05,0.41
0.0529666666666667,0.59,0.01,0.01,0.01,0.07,,-2.59733923475792e-06,-2.59733923475792e-06,9.47198230618942e-07,6.88535234213973e-05,,,1.61711639164687e-06,4.77183752893194e-06,4.70353193675084e-06,4.70353193675084e-06,6.88535234213973e-05,0.41
0.0536,0.59,0.01,0.01,0.01,0.07,,0,-2.59733923475792e-06,9.97454154633656e-07,6.88535234213973e-05,,,1.61711639164687e-06,4.77183752893194e-06,4.67045747377208e-06,4.67045747377208e-06,6.88535234213973e-05,0.41
0.0543,0.59,0,0.01,0.01,0.0599999999999999,,0,-2.59733923475792e-06,9.97454154633656e-07,6.88535234213973e-05,,,1.61711639164687e-06,4.77183752893194e-06,4.63806887681155e-06,4.63806887681155e-06,6.88535234213973e-05,0.41
0.055,0.59,0,0.01,0.01,0.0599999999999999,,-5.57203012705797e-05,-5.57203012705797e-05,-5.4722902694392e-05,1.3129385611749e-05,,,1.25590829446735e-05,8.46268674676213e-06,8.15501497540343e-06,8.15501497540343e-06,1.3129385611749e-05,0.41
0.0556666666666667,0.56,-0.0299999999999999,-0.0299999999999999,-0.0199999999999999,0.03,,-5.57203012705797e-05,-5.57203012705797e-05,-5.4722902694392e-05,1.3129385611749e-05,,,1.22571636539288e-05,8.46272001764473e-06,8.09741181354088e-06,8.09741181354088e-06,1.3129385611749e-05,0.44
0.0564,0.55,-0.0399999999999999,-0.0399999999999999,-0.0299999999999999,0.02,,-5.57203012705797e-05,-5.57203012705797e-05,-5.4722902694392e-05,1.29899031869562e-05,,,1.24754692386e-05,8.46272001764473e-06,8.04101230141759e-06,8.04101230141759e-06,1.3129385611749e-05,0.45
0.0571,0.55,-0.0399999999999999,-0.0399999999999999,-0.0299999999999999,0.02,,0,-5.57203012705797e-05,-5.4722902694392e-05,1.29899031869562e-05,,,1.21782214209943e-05,8.46272001764473e-06,7.98577509643088e-06,7.98577509643088e-06,1.3129385611749e-05,0.45
0.0577666666666667,0.55,-0.01,-0.0399999999999999,-0.0299999999999999,0.02,,5.46848542471799e-05,-1.03849407995334e-06,-4.03313017313194e-06,6.76754677850986e-05,,,1.75045349662602e-05,1.07971498857168e-05,1.01249263519862e-05,1.01249263519862e-05,6.78149578374675e-05,0.45
0.0584666666666667,0.55,0,-0.0399999999999999,-0.0199999999999999,0.02,,5.46848542471799e-05,5.46848542471799e-05,-4.03313017313194e-06,6.77283159655241e-05,,,1.75045349662602e-05,1.07971498857168e-05,1.00577496164706e-05,1.00577496164706e-05,6.78149578374675e-05,0.45
0.0592333333333333,0.55,0,-0.01,-0.0299999999999999,-0.08,,5.46848542471799e-05,5.46848542471799e-05,-4.03313017313194e-06,6.77283159655241e-05,,,1.74842769933127e-05,1.07971498857168e-05,9.99189237541912e-06,9.99189237541912e-06,6.78149578374675e-05,0.45
0.0599666666666667,0.55,0,0,-0.0299999999999999,-0.08,,0,5.46848542471799e-05,-4.03313017313194e-06,6.77283159655241e-05,,,1.70629072769941e-05,1.07971498857168e-05,9.9273119943971e-06,9.9273119943971e-06,6.78149578374675e-05,0.45
0.0606333333333333,0.56,0.01,0.01,-0.0199999999999999,-0.07,,0,5.46848542471799e-05,-4.03313017313194e-06,6.77283159655241e-05,,,1.66706041693748e-05,1.07971498857168e-05,9.86396774280843e-06,9.86396774280843e-06,6.78149578374675e-05,0.44
0.0613666666666667,0.58,0.0299999999999999,0.0299999999999999,0,-0.05,,-8.73369920767516e-06,-8.73369920767516e-06,-1.27667941566613e-05,5.89940252391094e-05,,,1.64010067316665e-05,1.07841280183193e-05,9.85995996349295e-06,9.85995996349295e-06,5.90806663543488e-05,0.42
0.0620666666666667,0.56,0.01,0.01,-0.0199999999999999,-0.07,,-8.73369920767516e-06,-8.73369920767516e-06,-1.27667941566613e-05,4.75791265445536e-05,,,1.60558695859486e-05,1.07841280183193e-05,9.79849374005759e-06,9.79849374005759e-06,5.90806663543488e-05,0.44
0.0628,0.56,0,0.01,-0.0199999999999999,-0.07,,-8.73369920767516e-06,-8.73369920767516e-06,-1.27667941566613e-05,4.75791265445536e-05,,,1.5731642698349e-05,1.07841280183193e-05,9.7381628466176e-06,9.7381628466176e-06,5.90806663543488e-05,0.44
0.0635333333333333,0.56,-0.0199999999999999,0.01,-0.0199999999999999,-0.0199999999999999,,0,-8.73369920767516e-06,-8.89554170133651e-06,4.75791265445536e-05,,,1.60558695859486e-05,1.02207093727616e-05,9.67893275881726e-06,9.67893275881726e-06,5.90806663543488e-05,0.44
0.0642,0.56,0,0,-0.0199999999999999,-0.0199999999999999,,0,-8.73369920767516e-06,-8.89554170133651e-06,1.93238804962189e-05,,,1.60558695859486e-05,1.02207093727616e-05,9.62077040438176e-06,9.62077040438176e-06,5.90806663543488e-05,0.44
0.065,0.56,0,-0.0199999999999999,-0.0199999999999999,0.02,,0,0,-8.89554170133651e-06,1.93238804962189e-05,,,1.60362049345739e-05,1.02207093727616e-05,9.5636440855287e-06,9.5636440855287e-06,5.90806663543488e-05,0.44
0.0657666666666667,0.56,0,0,-0.0199999999999999,0.02,,0,0,-1.2369498070814e-05,1.93238804962189e-05,,,1.60362049345739e-05,1.02207093727616e-05,9.50752340638703e-06,9.50752340638703e-06,5.90806663543488e-05,0.44
0.0665333333333333,0.56,0,0,-0.0199999999999999,0.02,,0,0,-1.2369498070814e-05,1.93238804962189e-05,,,1.60362049345739e-05,1.02207093727616e-05,9.45237920504586e-06,9.45237920504586e-06,5.90806663543488e-05,0.44
0.0671333333333333,0.56,0,0,-0.0199999999999999,-0.07,,0,0,-1.2369498070814e-05,1.93238804962189e-05,,,1.6380741345773e-05,1.02207093727616e-05,9.39818348988816e-06,9.39818348988816e-06,5.90806663543488e-05,0.44
0.0678333333333333,0.56,0,0,-0.0199999999999999,-0.07,,0,0,-1.2369498070814e-05,1.93238804962189e-05,,,1.63751048569937e-05,9.8687588271377e-06,9.34490937989373e-06,9.34490937989373e-06,5.90806663543488e-05,0.44
0.0685666666666667,0.56,0,0,-0.0199999999999999,-0.07,,0,0,-9.77218421773359e-06,-2.24576729774184e-06,,,1.63751048569937e-05,9.8687588271377e-06,9.29253104862211e-06,9.29253104862211e-06,5.90806663543488e-05,0.44
0.0692666666666667,0.56,0,0,-0.0299999999999999,-0.0199999999999999,,1.51206168349481e-05,1.51206168349481e-05,5.34828485576131e-06,1.28748155798194e-05,,,1.66796552360792e-05,1.00434939096088e-05,9.36419108806987e-06,9.36419108806987e-06,7.42021765254152e-05,0.44
0.0700666666666667,0.56,0,0,-0.0299999999999999,-0.07,,1.51206168349481e-05,1.51206168349481e-05,5.34828485576131e-06,1.28748155798194e-05,,,1.66796552360792e-05,1.00435220629806e-05,9.31299401048465e-06,9.31299401048465e-06,7.42021765254152e-05,0.44
0.0707,0.56,0,0,-0.0299999999999999,-0.0199999999999999,,1.51206168349481e-05,1.51206168349481e-05,5.34828485576131e-06,1.2722943713499e-05,,,1.66796552360792e-05,1.00435220629806e-05,9.26262752225152e-06,9.26262752225152e-06,7.42021765254152e-05,0.44
0.0714333333333333,0.56,0,0,-0.0299999999999999,-0.07,,-1.12975334821413e-05,3.82291252713185e-06,-5.9493090488072e-06,1.42526649347513e-06,,,1.20059076149585e-05,1.01426716838751e-05,9.29688952150098e-06,9.29688952150098e-06,6.29038047417001e-05,0.44
0.0721333333333333,0.56,0,0,-0.0299999999999999,-0.07,,-1.12975334821413e-05,3.82291252713185e-06,4.97737656309888e-05,1.42526649347513e-06,,,1.20059076149585e-05,1.01426716838751e-05,9.24756612800309e-06,9.24756612800309e-06,6.29038047417001e-05,0.44
0.0728333333333333,0.56,0,0,0,-0.07,,-1.12975334821413e-05,-1.12975334821413e-05,4.97737656309888e-05,1.42526649347513e-06,,,1.20059076149585e-05,1.00655403393979e-05,9.19901950330716e-06,9.19901950330716e-06,6.29038047417001e-05,0.44
0.0735666666666667,0.56,0,0,0.01,-0.07,,0,-1.12975334821413e-05,4.97737656309888e-05,1.42526649347513e-06,,,1.20059076149585e-05,1.00655403393979e-05,9.15122947166013e-06,9.15122947166013e-06,6.29038047417001e-05,0.44
0.0742333333333333,0.56,0,0,0.01,-0.0399999999999999,,3.36102193027639e-07,-1.09614350862394e-05,5.01098845530882e-05,1.76136916553796e-06,,,4.3326262197301e-06,1.00655797488171e-05,9.10399306211473e-06,9.10399306211473e-06,6.32399280768345e-05,0.44
0.075,0.56,0,0,0.01,-0.0399999999999999,,3.36102193027639e-07,3.36102193027639e-07,-4.57471952622118e-06,1.5243801508033e-06,,,4.3326262197301e-06,1.00655797488171e-05,9.05766201624805e-06,9.05766201624805e-06,6.32399280768345e-05,0.44
0.0756666666666667,0.56,0,0,0.01,-0.0399999999999999,,3.36102193027639e-07,3.36102193027639e-07,-4.57471952622118e-06,1.5243801508033e-06,,,4.3326262197301e-06,1.00655797488171e-05,9.0120311710976e-06,9.0120311710976e-06,6.32399280768345e-05,0.44
0.0764,0.56,0,0,0.01,-0.0399999999999999,,0,3.36102193027639e-07,-4.57471952622118e-06,1.5243801508033e-06,,,4.3326262197301e-06,1.00655797488171e-05,8.96708306622851e-06,8.96708306622851e-06,6.32399280768345e-05,0.44
0.0770333333333333,0.56,0,0,0.01,-0.0399999999999999,,0,3.36102193027639e-07,-4.57471952622118e-06,1.5243801508033e-06,,,4.3326262197301e-06,1.00655797488171e-05,8.92280084472686e-06,8.92280084472686e-06,6.32399280768345e-05,0.44
0.0777333333333333,0.56,0,0,0,-0.0199999999999999,,0,0,-4.57471952622118e-06,1.5243801508033e-06,,,3.93218690195237e-06,1.00655797488171e-05,8.8791682266418e-06,8.8791682266418e-06,6.32399280768345e-05,0.44
0.0784333333333333,0.55,-0.01,-0.01,-0.0299999999999999,-0.0299999999999999,,-6.09549589751223e-05,-6.09549589751223e-05,-5.67961964827235e-05,-5.94306717428486e-05,,,1.30744305305398e-05,1.24521574624873e-05,1.07017417967786e-05,1.07017417967786e-05,2.28111431449067e-06,0.45
0.0791666666666667,0.55,-0.01,-0.01,-0.01,-0.0299999999999999,,-6.09549589751223e-05,-6.09549589751223e-05,-5.67961964827235e-05,-6.92312993756492e-05,,,1.30744305305398e-05,1.24521574624873e-05,1.06501670577466e-05,1.06501670577466e-05,2.28111431449067e-06,0.45
0.0798666666666667,0.55,-0.01,-0.01,-0.01,-0.0299999999999999,,-6.09549589751223e-05,-6.09549589751223e-05,-5.67961964827235e-05,-6.92312993756492e-05,,,1.30744305305398e-05,1.24521574624873e-05,1.05993308630661e-05,1.05993308630661e-05,2.28111431449067e-06,0.45
0.0806,0.55,0,-0.01,-0.01,-0.0299999999999999,,0,-6.09549589751223e-05,-5.67961964827235e-05,-6.92312993756492e-05,,,1.30744305305398e-05,1.24521225434802e-05,1.05492157529027e-05,1.05492157529027e-05,2.28111431449067e-06,0.45
0.0813666666666667,0.55,0,-0.01,-0.01,-0.0299999999999999,,0,-6.09549589751223e-05,-5.67961964827235e-05,-6.9258304092354e-05,,,1.30744305305398e-05,1.24521225434802e-05,1.04998048398825e-05,1.04998048398825e-05,2.28111431449067e-06,0.45
0.0820333333333333,0.55,0,0,-0.01,-0.0299999999999999,,0,0,-5.67961964827235e-05,-6.9258304092354e-05,,,1.30744305305398e-05,1.24521225434802e-05,1.04510817851842e-05,1.04510817851842e-05,2.28111431449067e-06,0.45
0.0827,0.56,0.01,0.01,0,-0.0199999999999999,,0,0,-5.67961964827235e-05,-6.9258304092354e-05,,,1.30744305305398e-05,1.24521225434802e-05,1.04030307758403e-05,1.04030307758403e-05,2.28111431449067e-06,0.44
0.0834333333333333,0.56,0.01,0.01,0,-0.0199999999999999,,0,0,-5.67961964827235e-05,-6.9258304092354e-05,,,1.30744305305398e-05,1.24521225434802e-05,1.03556365031746e-05,1.03556365031746e-05,2.28111431449067e-06,0.44
0.0841333333333333,0.56,0.01,0.01,0,-0.0199999999999999,,0,0,-5.67961964827235e-05,-6.9258304092354e-05,,,1.30744305305398e-05,1.24485934406108e-05,1.03088841423127e-05,1.03088841423127e-05,2.28111431449067e-06,0.44
0.0848666666666667,0.56,0,0.01,0,-0.0199999999999999,,7.03233647007703e-05,7.03233647007703e-05,1.35231741184079e-05,4.69805953315042e-06,,,1.97916392004454e-05,1.51947615163378e-05,1.22089919206231e-05,1.22089919206231e-05,7.26046394308948e-05,0.44
0.0856,0.56,0,0.01,0,-0.0199999999999999,,7.03233647007703e-05,7.03233647007703e-05,1.35231741184079e-05,4.69805953315042e-06,,,1.95476224928788e-05,1.51947615163378e-05,1.21550014320085e-05,1.21550014320085e-05,7.26046394308948e-05,0.44
0.0863,0.56,0,0,0,-0.0199999999999999,,7.03233647007703e-05,7.03233647007703e-05,-1.59741856258615e-06,4.69805953315042e-06,,,1.95476224928788e-05,1.51947566650805e-05,1.21017209275987e-05,1.21017209275987e-05,7.26046394308948e-05,0.44
0.087,0.56,0,0,0,-0.0199999999999999,,-6.62393647190718e-06,6.36989624113629e-05,-8.22134445329425e-06,-1.87565227878041e-06,,,1.95932228998855e-05,1.52167610738282e-05,1.20678335734601e-05,1.20678335734601e-05,6.59802220304685e-05,0.44
0.0877,0.56,0,0,0,-0.0199999999999999,,-6.62393647190718e-06,6.36989624113629e-05,-8.22134445329425e-06,-1.87565227878041e-06,,,1.94539138124685e-05,1.52167610738282e-05,1.20158215475202e-05,1.20158215475202e-05,6.59802220304685e-05,0.44
0.0884,0.56,0,0,0,-0.0199999999999999,,-6.62393647190718e-06,-6.62393647190718e-06,3.0762237825882e-06,-1.87565227878041e-06,,,1.94539138124685e-05,1.52167610738282e-05,1.19644762828562e-05,1.19644762828562e-05,6.59802220304685e-05,0.44
0.0891333333333333,0.56,0,0,0,-0.0199999999999999,,0,-6.62393647190718e-06,3.0762237825882e-06,-1.87565227878041e-06,,,1.94539138124685e-05,1.52167610738282e-05,1.19137836544718e-05,1.19137836544718e-05,6.59802220304685e-05,0.44
0.0898666666666667,0.56,0,0,0,-0.0199999999999999,,0,-6.62393647190718e-06,3.0762237825882e-06,-1.87565227878041e-06,,,1.94539138124685e-05,1.52085918740071e-05,1.18637299527719e-05,1.18637299527719e-05,6.59802220304685e-05,0.44
0.0905666666666667,0.56,0,0,0,-0.0199999999999999,,-6.86668167391948e-05,-6.86668167391948e-05,-6.55908041911013e-05,-7.45341479873781e-05,,,2.39845466492997e-05,1.73630485957516e-05,1.33855283701412e-05,1.33855283701412e-05,-2.69112536054084e-06,-0.56
0.0912666666666667,0.56,0,0,0,-0.0099999999999999,,-6.86668167391948e-05,-6.86668167391948e-05,-6.59268842259586e-05,-7.45341479873781e-05,,,2.39845466492997e-05,1.73630485957516e-05,1.33301016669314e-05,1.33301016669314e-05,-2.69112536054084e-06,-0.56
0.0920666666666667,0.56,0,0,0,-0.0199999999999999,,-6.86668167391948e-05,-6.86668167391948e-05,-6.59268842259586e-05,-7.45341479873781e-05,,,2.39845466492998e-05,1.73602249491815e-05,1.32753578418696e-05,1.32753578418696e-05,-2.69112536054084e-06,-0.56
0.0927666666666667,0.56,0,0,0,-0.0199999999999999,,0,-6.86668167391948e-05,-6.59268842259586e-05,-7.45341479873781e-05,,,2.39845466492998e-05,1.72306729408895e-05,1.32212829869524e-05,1.32212829869524e-05,-2.69112536054084e-06,-0.56
0.0934666666666667,0.56,0,0,0,-0.0199999999999999,,0,-6.86668167391948e-05,-6.59268842259586e-05,-7.45341479873781e-05,,,2.39845466492998e-05,1.71039786290511e-05,1.31678635875379e-05,1.31678635875379e-05,-2.69112536054084e-06,-0.56
0.0941333333333333,0.57,0.0099999999999999,0.0099999999999999,0.0099999999999999,-0.01,,0,0,-6.59268842259586e-05,-7.45341479873781e-05,,,2.39845466492998e-05,1.69800384773477e-05,1.31150865081562e-05,1.31150865081562e-05,-2.69112536054084e-06,-0.57
0.0948666666666667,0.57,0.0099999999999999,0.0099999999999999,0.0099999999999999,-0.01,,0,0,-6.59268842259586e-05,-7.45341479873781e-05,,,2.05397928257437e-05,1.68587541260611e-05,1.30629389789401e-05,1.30629389789401e-05,-2.69112536054084e-06,-0.57
0.0956,0.57,0.0099999999999999,0.0099999999999999,0.0199999999999999,-0.01,,7.05541977038504e-05,7.05541977038504e-05,6.55816185594593e-05,-3.98520898054051e-06,,,2.51043485931934e-05,1.87438040292883e-05,1.442940037885e-05,1.442940037885e-05,6.78628824731189e-05,0.43
0.0963333333333333,0.57,0,0.0099999999999999,0.0199999999999999,-0.01,,7.05541977038504e-05,7.05541977038504e-05,6.55816185594593e-05,-1.13922529048519e-07,,,2.51043485931934e-05,1.87438040292883e-05,1.43730020340824e-05,1.43730020340824e-05,6.78628824731189e-05,0.43
0.0970333333333333,0.57,0,0.0099999999999999,0.0199999999999999,-0.01,,7.05541977038504e-05,7.05541977038504e-05,6.55816185594593e-05,-1.13922529048519e-07,,,2.51043485931934e-05,1.87438040292883e-05,1.43172598707977e-05,1.43172598707977e-05,6.78628824731189e-05,0.43
0.0977333333333333,0.57,0,0,0.0199999999999999,-0.01,,0,7.05541977038504e-05,6.55816185594593e-05,-1.13922529048519e-07,,,2.51043485931934e-05,1.87438040292883e-05,1.42621612627354e-05,1.42621612627354e-05,6.78628824731189e-05,0.43
0.0984666666666667,0.57,0,0,0.0199999999999999,-0.01,,0,7.05541977038504e-05,6.55816185594593e-05,-1.13922529048519e-07,,,2.51043485931934e-05,1.87392015376667e-05,1.4207693921174e-05,1.4207693921174e-05,6.78628824731189e-05,0.43
0.0992,0.57,0,0,0.0199999999999999,-0.01,,4.85069987069465e-06,4.85069987069465e-06,7.04326365469026e-05,1.2627730610637e-06,,,2.50998814148566e-05,1.87481008658248e-05,1.41587592694062e-05,1.41587592694062e-05,7.27139115262887e-05,0.43
0.0998666666666667,0.57,0,0,0.0099999999999999,-0.01,,4.85069987069465e-06,4.85069987069465e-06,7.04326365469026e-05,1.2627730610637e-06,,,2.50998814148566e-05,1.87481008658248e-05,1.41055107107758e-05,1.41055107107758e-05,7.27139115262887e-05,0.43
0.100566666666667,0.57,0,0,0.0099999999999999,-0.01,,4.85069987069465e-06,4.85069987069465e-06,7.04326365469026e-05,1.2627730610637e-06,,,2.50998814148566e-05,1.88815408663439e-05,1.40528584415573e-05,1.40528584415573e-05,7.27139115262887e-05,0.43
0.1013,0.57,0,0,0.0099999999999999,-0.01,0.07,-4.69348724401252e-06,1.57189859984164e-07,6.57388187282089e-05,-3.43072010975808e-06,,,2.06224333582464e-05,1.88873265298249e-05,1.40079115330073e-05,1.40079115330073e-05,6.802008300046e-05,0.43
0.1021,0.57,0,0,0.0099999999999999,-0.01,0.07,-4.69348724401252e-06,1.57189859984164e-07,-4.58422359453368e-06,-8.33383039578627e-07,6.802008300046e-05,,2.06224333582464e-05,1.88873265298249e-05,1.40079115330073e-05,1.39563832450647e-05,6.802008300046e-05,0.43
0.1028,0.57,0,0,0.0099999999999999,-0.02,0.0499999999999999,-4.69348724401252e-06,-4.69348724401252e-06,-4.58422359453368e-06,-8.33383039578627e-07,6.802008300046e-05,,2.06224333582464e-05,1.88873265298249e-05,1.40079115330073e-05,1.39054194466479e-05,6.802008300046e-05,0.43
0.103433333333333,0.57,0,0,0.0099999999999999,-0.02,0.0499999999999999,0,-4.69348724401252e-06,-4.58422359453368e-06,-8.33383039578627e-07,6.802008300046e-05,,2.05769001886163e-05,1.88873265298249e-05,1.40079115330073e-05,1.38550099058973e-05,6.802008300046e-05,0.43
0.104166666666667,0.57,0,0,0.0099999999999999,-0.02,0.0399999999999999,0,-4.69348724401252e-06,2.03972638839152e-06,-8.33383039578627e-07,6.802008300046e-05,,2.05769001886163e-05,1.88873265298249e-05,1.40079115330073e-05,1.380514464873e-05,6.802008300046e-05,0.43
0.104933333333333,0.57,0,0,0.0099999999999999,-0.02,0.0399999999999999,0,0,2.03972638839152e-06,-8.33383039578627e-07,6.802008300046e-05,,2.05769001886163e-05,1.76567989916533e-05,1.40079115330073e-05,1.37558139505501e-05,6.802008300046e-05,0.43
0.105633333333333,0.57,0,0,0.0099999999999999,-0.02,0.0399999999999999,0,0,2.03972638839152e-06,5.48899767170405e-05,6.802008300046e-05,,2.05769001886163e-05,1.76567989916533e-05,1.40079435199144e-05,1.37070083282815e-05,6.802008300046e-05,0.43
0.106366666666667,0.57,0,0,0.0099999999999999,0.0099999999999999,0.0399999999999999,-8.48713661744402e-07,-8.48713661744402e-07,1.19101099550346e-06,5.40412164694229e-05,6.70318216465492e-05,,2.05777874986807e-05,1.76576247482161e-05,1.40083582562455e-05,1.36591125553164e-05,6.71713116091419e-05,0.43
0.107066666666667,0.57,0,0,0.0099999999999999,0.0199999999999999,0.0399999999999999,-8.48713661744402e-07,-8.48713661744402e-07,1.19101099550346e-06,5.40412164694229e-05,6.70318216465492e-05,,1.44642959247099e-05,1.76576247482161e-05,1.40083582562455e-05,1.3611326730177e-05,6.71713116091419e-05,0.43
0.107733333333333,0.57,0,0,0.0099999999999999,0.0199999999999999,0.0399999999999999,-8.48713661744402e-07,-8.48713661744402e-07,6.98626249787646e-05,5.40412164694229e-05,6.70318216465492e-05,,1.44642959247099e-05,1.64215521190071e-05,1.40083436353546e-05,1.35640389503632e-05,6.71713116091419e-05,0.43
0.108433333333333,0.58,0.01,0.01,0.0199999999999999,0.0299999999999999,0.0499999999999999,-6.72815258029955e-05,-6.81301823619897e-05,2.57639871176392e-06,-6.79250850828753e-05,-2.01369568975704e-07,,2.03776169652557e-05,1.82591003520879e-05,1.51661657283316e-05,1.46338580310907e-05,-1.14733582188833e-07,-0.58
0.109133333333333,0.58,0.01,0.01,0.0199999999999999,0.0299999999999999,-0.05,-6.72815258029955e-05,-6.81301823619897e-05,2.57639871176392e-06,-6.79250850828753e-05,-2.01369568975704e-07,,2.03776169652557e-05,1.82591003520879e-05,1.51661657283316e-05,1.45836559689009e-05,-1.14733582188833e-07,-0.58
0.109866666666667,0.58,0.01,0.01,0.0199999999999999,0.0299999999999999,-0.05,-6.72815258029955e-05,-6.72815258029955e-05,2.57639871176392e-06,-6.79250850828753e-05,-2.01369568975704e-07,,2.03776169652557e-05,1.82591003520879e-05,1.51661657283316e-05,1.45339670478303e-05,-1.14733582188833e-07,-0.58
0.1106,0.58,0,0.01,0.0199999999999999,0.0299999999999999,-0.05,8.9769325362919e-10,-6.728062817014e-05,2.57729640733036e-06,-6.79241874505976e-05,-2.00471875902843e-07,,2.03776167511289e-05,1.82591010338308e-05,1.51661657291305e-05,1.4484782585697e-05,-1.13835889038199e-07,-0.58
0.111333333333333,0.58,0,0.01,0.01,0.0199999999999999,-0.05,8.9769325362919e-10,-6.728062817014e-05,2.57729640733036e-06,-6.79241874505976e-05,-2.00471875902843e-07,,2.03776167511289e-05,1.8235449709182e-05,1.51340711551248e-05,1.44360941032127e-05,-1.13835889038199e-07,-0.58
0.111966666666667,0.58,0,0,0.01,0,-0.05,8.9769325362919e-10,8.9769325362919e-10,2.57729640733036e-06,-5.91910051993576e-05,-1.16146949111307e-05,,1.3787523394839e-05,1.8235449709182e-05,1.51340711551248e-05,1.43878933206585e-05,-1.13835889038199e-07,-0.58
0.1126,0.58,0,0,0.01,0.0199999999999999,-0.05,0,8.9769325362919e-10,-6.79721055791447e-05,-5.91910051993576e-05,-1.16146949111307e-05,,1.3787523394839e-05,1.8235449709182e-05,1.51340711551248e-05,1.43401721500894e-05,-1.13835889038199e-07,-0.58
0.113366666666667,0.57,-0.01,-0.01,0,0.0099999999999999,-0.01,0,8.9769325362919e-10,-6.79721055791447e-05,-5.91910051993576e-05,-1.16146949111307e-05,,1.3787523394839e-05,1.8235449709182e-05,1.49347513876515e-05,1.42929226901043e-05,-1.13835889038199e-07,-0.57
0.114066666666667,0.57,-0.01,-0.01,0,0.0099999999999999,-0.01,0,0,-6.79721055791447e-05,-5.91910051993576e-05,-3.98682685030497e-05,,1.3787523394839e-05,1.8235449709182e-05,1.49347513876515e-05,1.42461372203503e-05,-1.13835889038199e-07,-0.57
0.114833333333333,0.57,-0.01,-0.01,0,0.0099999999999999,0.0299999999999999,0,0,-6.79721055791447e-05,-5.91910051993576e-05,-3.98682685030497e-05,,1.3787523394839e-05,1.8235449709182e-05,1.49347513876515e-05,1.41998081962241e-05,-1.13835889038199e-07,-0.57
0.115566666666667,0.57,0,-0.01,0,0.0099999999999999,0.0299999999999999,0,0,-6.79721055791447e-05,-5.91910051993576e-05,-3.98682685030497e-05,,1.37033485057871e-05,1.8235449709182e-05,1.49347513876515e-05,1.41539282437605e-05,-1.13835889038199e-07,-0.57
0.116266666666667,0.57,0,-0.01,0,0.0099999999999999,0.0299999999999999,6.6847316617355e-05,6.6847316617355e-05,-5.98000357814459e-06,7.6523546581319e-06,2.69763830275377e-05,,1.97996092673267e-05,1.99266412809881e-05,1.60060751825852e-05,1.50834695743358e-05,6.6733473118693e-05,0.43
0.116966666666667,0.57,0,0,0,0.0099999999999999,-0.0600000000000001,6.6847316617355e-05,6.6847316617355e-05,-5.98000357814459e-06,7.6523546581319e-06,2.69763830275377e-05,,1.97996092673267e-05,1.99266412809881e-05,1.60060751825852e-05,1.50353948431561e-05,6.6733473118693e-05,0.43
0.117733333333333,0.57,0,0,0,0.0099999999999999,-0.0600000000000001,5.38017383575191e-05,5.38017383575191e-05,-1.9024631826981e-05,-5.39245142081332e-06,1.39313248723187e-05,,1.99535634713895e-05,1.99876972804788e-05,1.59388018123611e-05,1.50257574568166e-05,5.36878963439122e-05,0.43
0.1185,0.57,0,0,0,0.0099999999999999,-0.0600000000000001,-1.30447062562265e-05,5.38017383575191e-05,-1.43312118463285e-05,-5.39245142081332e-06,-7.6382066083641e-06,,1.99535634713895e-05,1.99876972804788e-05,1.59388018123611e-05,1.49784562218716e-05,5.36878963439122e-05,0.43
0.1192,0.57,0,0,0,0.0099999999999999,-0.01,-1.30447062562265e-05,5.38017383575191e-05,-1.43312118463285e-05,-5.39245142081332e-06,-7.6382066083641e-06,,1.99535634713895e-05,1.99038187796509e-05,1.59388018123611e-05,1.49315989068576e-05,5.36878963439122e-05,0.43
0.119933333333333,0.56,-0.0099999999999999,-0.0099999999999999,-0.0099999999999999,0,-0.07,0,-1.30447062562265e-05,-1.43312118463285e-05,-2.05127580902061e-05,-7.6382066083641e-06,,1.99535634713895e-05,1.99038187796509e-05,1.59387924287356e-05,1.48851786113255e-05,5.36878963439122e-05,0.44
0.120633333333333,0.57,0,0,0,0.0099999999999999,-0.01,0,-1.30447062562265e-05,-1.43312118463285e-05,-2.05127580902061e-05,-7.79007535937369e-06,,1.99535634713895e-05,1.99038187796509e-05,1.59387924287356e-05,1.48391885840668e-05,5.36878963439122e-05,0.43
0.121333333333333,0.57,0,0,0,0.0099999999999999,-0.0600000000000001,5.59807948680645e-09,5.59807948680645e-09,-1.4325613847069e-05,-2.05071601255513e-05,-7.78447732349634e-06,,1.99535711022345e-05,1.98596866866261e-05,1.59387925857605e-05,1.47936214605581e-05,5.36934947239481e-05,0.43
0.122066666666667,0.57,0.0099999999999999,0,0,0.0099999999999999,-0.0600000000000001,5.59807948680645e-09,5.59807948680645e-09,-1.4325613847069e-05,-9.20973069065091e-06,-7.78447732349634e-06,,1.99535711022345e-05,1.98596866866261e-05,1.59387925857605e-05,1.47484722996655e-05,5.36934947239481e-05,0.43
0.1228,0.57,0,0,0,0.0099999999999999,-0.0600000000000001,5.59807948680645e-09,5.59807948680645e-09,-1.4325613847069e-05,-9.20973069065091e-06,-7.78447732349634e-06,,1.99539037017272e-05,1.98596866866261e-05,1.58800867286895e-05,1.47037340082005e-05,5.36934947239481e-05,0.43
0.123533333333333,0.57,0,0.0099999999999999,0,0.0099999999999999,-0.0600000000000001,0,5.59807948680645e-09,-1.34769116233636e-05,-9.20973069065091e-06,-7.78447732349634e-06,,1.99539037017272e-05,1.98596866866261e-05,1.58800867286895e-05,1.46594003920317e-05,5.36934947239481e-05,0.43
0.1243,0.57,0,0,0,0.0099999999999999,-0.03,0,5.59807948680645e-09,-1.34769116233636e-05,-9.54582967530426e-06,-7.78447732349634e-06,,1.99539037017272e-05,2.00029994751095e-05,1.58800673632234e-05,1.46154653869773e-05,5.36934947239481e-05,0.43
0.125,0.57,0,0,0,0.0099999999999999,-0.03,3.38361856695496e-07,3.38361856695496e-07,-1.31385543267409e-05,-9.20747104855342e-06,-7.68310493343622e-06,,1.40052266773687e-05,2.00030742159812e-05,1.58801028951094e-05,1.45719021118767e-05,5.40318747484742e-05,0.43
0.1257,0.56,-0.0099999999999999,-0.0099999999999999,-0.0199999999999999,0,-0.0399999999999999,3.38361856695496e-07,3.38361856695496e-07,5.41466145430981e-05,-9.20747104855342e-06,-7.68310493343622e-06,,1.40052266773687e-05,2.00030742159812e-05,1.58801028951094e-05,1.45287469625917e-05,5.40318747484742e-05,0.44
0.126466666666667,0.56,-0.0099999999999999,-0.0099999999999999,-0.0199999999999999,0,-0.0399999999999999,3.38361856695496e-07,3.38361856695496e-07,5.41466145430981e-05,-9.20747104855342e-06,-7.68310493343622e-06,,1.40052266773687e-05,2.00030742159812e-05,1.58801028951094e-05,1.44859729721348e-05,5.40318747484742e-05,0.44
0.1271,0.56,-0.0099999999999999,-0.0099999999999999,-0.0199999999999999,0,-0.0399999999999999,0,3.38361856695496e-07,5.41466145430981e-05,-9.20747104855342e-06,-7.68310493343622e-06,,1.40052332369148e-05,2.00030742159812e-05,1.58801028951094e-05,1.44435745625015e-05,5.40318747484742e-05,0.44
0.127833333333333,0.56,0,-0.0099999999999999,-0.0199999999999999,0,-0.0199999999999999,1.20390077299934e-05,1.23773736602299e-05,6.61853763919347e-05,2.83142583262485e-06,4.35581029959748e-06,,1.41318672713873e-05,1.86423815110742e-05,1.59136900113645e-05,1.44290785463972e-05,6.60715329686254e-05,0.44
0.128566666666667,0.56,0,-0.0099999999999999,-0.0199999999999999,0.01,-0.0199999999999999,1.20390077299934e-05,1.20390077299934e-05,6.61853763919347e-05,6.37902731412295e-05,4.35581029959748e-06,,1.41318672713873e-05,1.86423815110742e-05,1.58914633010929e-05,1.43873450539009e-05,6.60715329686254e-05,0.44
0.1292,0.56,0,0,-0.0199999999999999,0.01,-0.0199999999999999,1.20390077299934e-05,1.20390077299934e-05,6.61853763919347e-05,6.37902731412295e-05,-5.44544251791684e-06,,1.41318672713873e-05,1.86423815110742e-05,1.58914633010929e-05,1.43459715986523e-05,6.60715329686254e-05,0.44
0.129866666666667,0.56,0,0,-0.0199999999999999,0.01,-0.0199999999999999,0,1.20390077299934e-05,6.61853763919347e-05,6.37902731412295e-05,-5.44544251791684e-06,,1.41318672713873e-05,1.86423815110742e-05,1.58914633010929e-05,1.4304953033481e-05,6.60715329686254e-05,0.44
0.1306,0.56,0,0,-0.0099999999999999,0.01,-0.0199999999999999,0,1.20390077299934e-05,6.61853763919347e-05,6.37902731412295e-05,-5.44544251791684e-06,,1.41318672713873e-05,1.85090678733908e-05,1.58914626323578e-05,1.42642843136497e-05,6.60715329686254e-05,0.44
0.131233333333333,0.56,0,0,-0.0099999999999999,0.01,-0.0199999999999999,-4.17611268435653e-08,-4.17611268435653e-08,6.61436125011152e-05,6.37485093504322e-05,-5.51420985556777e-06,,1.41322395589397e-05,1.85090979142224e-05,1.5891462257778e-05,1.42239670319563e-05,6.60297690825601e-05,0.44
0.132,0.56,0,0,-0.0099999999999999,0.01,-0.0199999999999999,-4.17611268435653e-08,-4.17611268435653e-08,6.61436125011152e-05,6.37485093504322e-05,-5.51420985556777e-06,,1.41322395589397e-05,1.85090979142224e-05,1.5891462257778e-05,1.41839832122894e-05,6.60297690825601e-05,0.44
0.1327,0.56,0,0,-0.0099999999999999,0,-0.0199999999999999,-4.17611268435653e-08,-4.17611268435653e-08,6.61436125011152e-05,6.37485093504322e-05,-5.51420985556777e-06,,3.7019196818135e-06,1.86424121980423e-05,1.5891462257778e-05,1.41443346934251e-05,6.60297690825601e-05,0.44
0.1335,0.56,0,0,-0.0099999999999999,0,-0.0199999999999999,0,-4.17611268435653e-08,-7.03657078652181e-07,6.37485093504322e-05,-5.51420985556777e-06,,3.7019196818135e-06,1.86424121980423e-05,1.5891462257778e-05,1.41050168150759e-05,6.60297690825601e-05,0.44
0.134166666666667,0.56,0,0,-0.0099999999999999,0,-0.0199999999999999,0,-4.17611268435653e-08,-7.03657078652181e-07,6.37485093504322e-05,-5.51420985556777e-06,,2.45332071500785e-06,1.66346690008972e-05,1.58884458315719e-05,1.40660250071339e-05,6.60297690825601e-05,0.44
0.1349,0.56,0,0,-0.0099999999999999,0,-0.0199999999999999,8.39926964027704e-06,8.39926964027704e-06,2.07405834624647e-05,1.82482140327712e-06,6.52288950954713e-06,,2.92588725550675e-06,1.66656229720928e-05,1.59046948607207e-05,1.40398961190041e-05,7.4429593324672e-05,0.44
0.1356,0.56,0,0,-0.0099999999999999,0,-0.0199999999999999,8.39926964027704e-06,8.39926964027704e-06,2.07405834624647e-05,1.82482140327712e-06,6.52288950954713e-06,,2.92588725550675e-06,1.65461549011942e-05,1.59046948607207e-05,1.40015156691438e-05,7.4429593324672e-05,0.44
0.136333333333333,0.56,0,0,-0.0099999999999999,0,-0.0199999999999999,8.39926964027704e-06,8.39926964027704e-06,2.07405834624647e-05,1.82482140327712e-06,6.52288950954713e-06,,2.92588725550675e-06,1.66461039600371e-05,1.59046931553169e-05,1.39634482663499e-05,7.4429593324672e-05,0.44
0.137033333333333,0.56,0,0,0,0,-0.0199999999999999,0,8.39926964027704e-06,2.07405834624647e-05,8.44881383959044e-06,6.5731457137731e-06,,2.92588725550675e-06,1.66461039600371e-05,1.59046931553169e-05,1.39256896780639e-05,7.4429593324672e-05,0.44
0.1377,0.56,0,0,-0.0099999999999999,0,-0.0199999999999999,9.2494121943283e-08,8.4917645391034e-06,2.083307950279e-05,8.54130874299934e-06,6.66564044369372e-06,,2.92478353071945e-06,1.65267758971572e-05,1.59046930462217e-05,1.38882230674571e-05,7.45220943309151e-05,0.44
0.1383,0.56,0,0,-0.0099999999999999,0,-0.0199999999999999,9.2494121943283e-08,9.2494121943283e-08,2.08274813067093e-05,8.54130874299934e-06,6.66564044369372e-06,,2.92478353071945e-06,1.65267758971572e-05,1.59046930462217e-05,1.38510698378036e-05,7.45220943309151e-05,0.44
0.139033333333333,0.56,0,0,-0.0099999999999999,0,-0.0199999999999999,9.2494121943283e-08,9.2494121943283e-08,2.08274813067093e-05,8.54130874299934e-06,6.66564044369372e-06,,2.92478353071945e-06,1.65267758971572e-05,1.59046930462217e-05,1.38142131939899e-05,7.45220943309151e-05,0.44
0.139766666666667,0.56,0,0,-0.0099999999999999,0,-0.0199999999999999,0,9.2494121943283e-08,2.08274813067093e-05,8.54130874299934e-06,6.66564044369372e-06,,2.92478353071945e-06,1.65267758971572e-05,1.59010723197588e-05,1.37776492109406e-05,7.45220943309151e-05,0.44
0.1405,0.57,0.0099999999999999,0.0099999999999999,0,0.0099999999999999,-0.01,0,9.2494121943283e-08,2.08274813067093e-05,8.54130874299934e-06,2.67352445806012e-06,,2.92478353071945e-06,1.43029146917327e-05,1.59010723197588e-05,1.37413740359208e-05,7.45220943309151e-05,0.43
0.141133333333333,0.57,0.0099999999999999,0.0099999999999999,0,0.0099999999999999,0,0,0,2.08274813067093e-05,7.72134274824689e-05,2.67352445806012e-06,,2.92844804278788e-06,1.43029146917327e-05,1.59010723197588e-05,1.37053838868308e-05,7.45220943309151e-05,0.43
0.141866666666667,0.57,0.0099999999999999,0.0099999999999999,0,0.0099999999999999,-0.01,-8.47674454010891e-06,-8.47674454010891e-06,1.20121942961981e-05,6.87360284238601e-05,-5.80324274483264e-06,,3.49581899054423e-06,1.43475563144489e-05,1.59142214280467e-05,1.36845384200368e-05,6.604471808605e-05,0.43
0.1425,0.57,0,0.0099999999999999,0.0099999999999999,0.0099999999999999,-0.01,-8.47674454010891e-06,-8.47674454010891e-06,1.20121942961981e-05,6.87360284238601e-05,-5.80324274483264e-06,,3.49581899054423e-06,1.43475563144489e-05,1.58560339972378e-05,1.36490625591008e-05,6.604471808605e-05,0.43
0.143266666666667,0.57,0,0.0099999999999999,0.0099999999999999,0.0099999999999999,-0.01,-8.47674454010891e-06,-8.47674454010891e-06,1.20121942961981e-05,6.87360284238601e-05,-5.80324274483264e-06,,3.49581899054423e-06,1.43475563144489e-05,1.5798480189373e-05,1.36138611785575e-05,6.604471808605e-05,0.43
0.143966666666667,0.57,0,0,0.0099999999999999,0.0099999999999999,-0.01,0,-8.47674454010891e-06,1.20121942961981e-05,6.87360284238601e-05,-5.80324274483264e-06,,2.4883484705468e-06,1.43475563144489e-05,1.57415485877441e-05,1.35789307570961e-05,6.604471808605e-05,0.43
0.1447,0.57,0,0,0.0099999999999999,0,-0.01,0,-8.47674454010891e-06,-2.68131109920163e-08,6.87360284238601e-05,-5.80324274483264e-06,,2.4883484705468e-06,1.43475563144489e-05,1.56852280615739e-05,1.3544267836328e-05,6.604471808605e-05,0.43
0.145366666666667,0.57,0,0,0.0099999999999999,0,-0.01,7.99754803328593e-08,7.99754803328593e-08,5.31623671964516e-08,6.88160094013898e-05,-5.72326772861691e-06,,2.48840354366465e-06,1.16491809479935e-05,1.56295096905703e-05,1.35098601382339e-05,6.61246988483409e-05,0.43
0.146133333333333,0.57,0,0,0.0099999999999999,0,-0.01,7.99754803328593e-08,7.99754803328593e-08,5.31623671964516e-08,-1.73806567463134e-06,-5.72326772861691e-06,,2.48840354366465e-06,1.16491809479935e-05,1.55743790111479e-05,1.34757221614864e-05,6.61246988483409e-05,0.43
0.146833333333333,0.57,0,0,0.0099999999999999,0,-0.01,-3.2630509692492e-07,-3.2630509692492e-07,-3.53118199167682e-07,-2.14434551325436e-06,-2.25826779801362e-06,,2.48979891257796e-06,1.16492683759142e-05,1.56295444764594e-05,1.34419228523732e-05,6.57183914383969e-05,0.43
0.147533333333333,0.57,0,0,0.0099999999999999,0,-0.01,-4.06280544765298e-07,-3.2630509692492e-07,-3.53118199167682e-07,-2.14434551325436e-06,-2.25826779801362e-06,,2.48979421722443e-06,1.16492683759142e-05,1.56295444764594e-05,1.34082961765085e-05,6.57183914383969e-05,0.43
0.1482,0.57,0,0,0.0099999999999999,0,-0.01,-4.06280544765298e-07,-3.2630509692492e-07,-3.11357085326739e-07,-2.14434551325436e-06,-2.25826779801362e-06,,2.48979421722443e-06,1.16492683759142e-05,1.56267615609143e-05,1.3374920608618e-05,6.57183914383969e-05,0.43
0.148866666666667,0.57,0,0,0.0099999999999999,0,-0.01,0,-4.06280544765298e-07,-3.11357085326739e-07,-2.14434551325436e-06,-5.73224722529619e-06,,2.48979421722443e-06,1.16344438179416e-05,1.56267615609143e-05,1.33417930389239e-05,6.57183914383969e-05,0.43
0.149566666666667,0.57,0,0,0.0099999999999999,0,-0.01,0,-4.06280544765298e-07,-3.11357085326739e-07,-6.99501145324787e-06,-5.73224722529619e-06,,2.48979421722443e-06,1.16344438179416e-05,1.56267615609143e-05,1.33089104112998e-05,6.57183914383969e-05,0.43
0.150266666666667,0.57,0,0,0.0099999999999999,0,-0.01,-5.08436820767406e-08,-5.08436820767406e-08,-3.62200751572939e-07,-7.04585477967247e-06,-5.78309061592438e-06,,2.48980379047362e-06,1.16344391480065e-05,1.56824713798727e-05,1.3276276246105e-05,6.56675444149552e-05,0.43
0.150266666666667,0.57,0,0,0.0099999999999999,0,-0.01,-5.08436820767406e-08,-5.08436820767406e-08,-3.62200751572939e-07,-7.04585477967247e-06,-5.78309061592438e-06,,2.43738302808883e-06,1.15522220139275e-05,1.56267612080753e-05,1.3243874497592e-05,6.56675444149552e-05,0.43
0.150966666666667,0.56,-0.0099999999999999,-0.0099999999999999,0,-0.0099999999999999,-0.0199999999999999,-5.08436820767406e-08,-5.08436820767406e-08,-3.62200751572939e-07,-7.04585477967247e-06,-5.78309061592438e-06,,1.69360779510776e-06,1.15391641773315e-05,1.56252676106107e-05,1.32117088335374e-05,6.56675444149552e-05,0.44
0.151633333333333,0.56,-0.0099999999999999,-0.0099999999999999,0,-0.0099999999999999,-0.0199999999999999,-5.08436820767406e-08,-5.08436820767406e-08,-8.76139680251581e-06,-2.35237857651879e-06,-3.18575965566501e-06,,1.69360779510776e-06,1.15391641773315e-05,1.56252676106107e-05,1.31797764008815e-05,6.56675444149552e-05,0.44
0.152266666666667,0.56,-0.0099999999999999,-0.0099999999999999,0,-0.0099999999999999,-0.0299999999999999,0,-5.08436820767406e-08,-8.76139680251581e-06,-2.35237857651879e-06,-3.18575965566501e-06,,1.6609312277932e-06,1.15391641773315e-05,1.56252676106107e-05,1.31480743946029e-05,6.56675444149552e-05,0.44
0.153,0.56,0,-0.0099999999999999,0,-0.0099999999999999,-0.0299999999999999,0,-5.08436820767406e-08,-8.76139680251581e-06,-2.35237857651879e-06,-3.18575965566501e-06,,1.6609312277932e-06,1.15391641773315e-05,1.56252676106107e-05,1.31166000566836e-05,6.56675444149552e-05,0.44
0.153766666666667,0.56,0,-0.0099999999999999,0,-0.0099999999999999,-0.0299999999999999,-2.5901000454987e-06,-2.5901000454987e-06,-1.13514741551203e-05,-4.94247252912163e-06,-5.77585144972748e-06,,1.74739075689469e-06,1.15430955206904e-05,1.56267528206691e-05,1.30868602597053e-05,6.30772742839467e-05,0.44
0.154533333333333,0.55,-0.01,-0.01,-0.01,-0.0199999999999999,-0.0399999999999999,-2.5901000454987e-06,-2.5901000454987e-06,-1.14439672185638e-05,-4.94247252912163e-06,-5.77585144972748e-06,,1.74739075689469e-06,1.15430955206904e-05,1.49014092900655e-05,1.30558282176839e-05,6.30772742839467e-05,0.45
0.155266666666667,0.56,0,0,0,-0.0099999999999999,-0.0299999999999999,-2.5901000454987e-06,-2.5901000454987e-06,-1.14439672185638e-05,-4.94247252912163e-06,4.99472328957168e-05,,1.74739075689469e-06,1.15430955206904e-05,1.49014092900655e-05,1.30250158867545e-05,6.30772742839467e-05,0.44
0.155933333333333,0.56,0,0,0,-0.0099999999999999,0,0,-2.5901000454987e-06,-1.14439672185638e-05,-4.94247252912163e-06,4.99472328957168e-05,,1.74739075689469e-06,1.15427218926279e-05,1.49014092900655e-05,1.29944206864546e-05,6.30772742839467e-05,0.44
0.156733333333333,0.56,0.01,0,0,-0.0099999999999999,0.01,0,-2.5901000454987e-06,-1.14439672185638e-05,-4.09376234180925e-06,4.99472328957168e-05,,1.74739075689469e-06,1.15427218926279e-05,1.49014092900655e-05,1.29640400785534e-05,6.30772742839467e-05,0.44
0.157433333333333,0.58,0.0199999999999999,0.0199999999999999,0.01,0.01,0.0299999999999999,-5.31905681807006e-08,-5.31905681807006e-08,-1.14971571780334e-05,-4.14695269224041e-06,4.98940396708144e-05,,1.7468182061028e-06,1.15427198565131e-05,1.41763069960972e-05,1.29338776857343e-05,6.302408036065e-05,0.42
0.158166666666667,0.58,0.0199999999999999,0.0299999999999999,0.01,0.01,0.0299999999999999,-5.31905681807006e-08,-5.31905681807006e-08,-1.14971571780334e-05,-4.14695269224041e-06,-4.79055260569453e-06,,5.20631238407126e-07,8.28789221074833e-06,1.41763069960972e-05,1.29039187723585e-05,6.302408036065e-05,0.42
0.158866666666667,0.58,0.0199999999999999,0.0199999999999999,0.01,0,0.0299999999999999,-5.31905681807006e-08,-5.31905681807006e-08,-3.02043824140788e-06,6.31388211869819e-05,-4.79055260569453e-06,,5.20631238407126e-07,8.28789221074833e-06,1.41763069960972e-05,1.28741670818009e-05,6.302408036065e-05,0.42
0.159533333333333,0.58,0,0.0199999999999999,0.01,0,0.0299999999999999,0,-5.31905681807006e-08,-3.02043824140788e-06,6.31388211869819e-05,-4.79055260569453e-06,,5.20631238407126e-07,8.28789221074833e-06,1.41763069960972e-05,1.2844620236126e-05,6.302408036065e-05,0.42
0.160233333333333,0.58,0,0.0199999999999999,0.01,0,0.0299999999999999,0,-5.31905681807006e-08,-3.02043824140788e-06,6.31388211869819e-05,-4.79055260569453e-06,,5.20631238407126e-07,8.28789356670092e-06,1.41763069960972e-05,1.28152758954266e-05,6.302408036065e-05,0.42
0.160966666666667,0.58,0,0,0.01,0,0.0199999999999999,5.97289028477506e-07,5.97289028477506e-07,-2.423151017005e-06,6.37352501771163e-05,-4.19326643856154e-06,,5.39968915278363e-07,8.28728976502453e-06,1.41573069165834e-05,1.27861340377807e-05,6.36214070327192e-05,0.42
0.161633333333333,0.58,0,0,0.01,0,0,5.97289028477506e-07,5.97289028477506e-07,-2.423151017005e-06,6.37352501771163e-05,4.54047242423404e-06,,5.39088054890524e-07,8.28728976502453e-06,1.41573069165834e-05,1.27571881063693e-05,6.36214070327192e-05,0.42
0.1624,0.58,0,0,0.01,0,0.0199999999999999,5.97289028477506e-07,5.97289028477506e-07,-2.50312629714913e-06,6.37352501771163e-05,4.54047242423404e-06,,5.39088054890524e-07,8.28728976502453e-06,1.41573069165834e-05,1.27284378770001e-05,6.36214070327192e-05,0.42
0.163133333333333,0.58,0,0,0.01,0,0.0199999999999999,0,5.97289028477506e-07,-2.50312629714913e-06,6.37352501771163e-05,4.54047242423404e-06,,5.35707803180674e-07,8.28728976502453e-06,1.41573069165834e-05,1.26998811543469e-05,6.36214070327192e-05,0.42
0.1638,0.58,0,0,0.01,0.01,0.0199999999999999,0,5.97289028477506e-07,-2.09684660429181e-06,6.37352501771163e-05,4.54047242423404e-06,,5.35707803180674e-07,8.28728976502453e-06,1.41573069165834e-05,1.26715157774066e-05,6.36214070327192e-05,0.42
0.164533333333333,0.58,0,0,0.01,0.01,0.0199999999999999,1.02413068379025e-05,1.02413068379025e-05,8.14443875916123e-06,7.39772097472722e-05,1.47818257625078e-05,,2.13298801143012e-06,8.35922477583902e-06,1.41832024541161e-05,1.26606623171774e-05,7.38633654369726e-05,0.42
0.165266666666667,0.58,0,0,0.01,0.01,0.0199999999999999,1.02413068379025e-05,1.02413068379025e-05,8.14443875916123e-06,7.39772097472722e-05,1.47818257625078e-05,,2.13298801143012e-06,8.35922477583902e-06,1.41832024541161e-05,1.26326397468638e-05,7.38633654369726e-05,0.42
0.166,0.58,0,0,0.01,0.01,0.0199999999999999,1.02413068379025e-05,1.02413068379025e-05,8.14443875916123e-06,7.39772097472722e-05,1.47818257625078e-05,,2.13298801143012e-06,2.8310165421769e-06,1.41832024541161e-05,1.2604802428421e-05,7.38633654369726e-05,0.42
0.166766666666667,0.58,0,0,0.01,0.01,0.0199999999999999,0,1.02413068379025e-05,8.14443875916123e-06,7.12941654755202e-06,1.47818257625078e-05,,2.13262463397158e-06,2.8310165421769e-06,1.41832024541161e-05,1.25771483296966e-05,7.38633654369726e-05,0.42
0.167433333333333,0.58,0,0,0.01,0.01,0.0199999999999999,0,1.02413068379025e-05,8.19528285791633e-06,7.12941654755202e-06,1.47818257625078e-05,,2.17727827457594e-06,2.35527455011629e-06,1.41832024541161e-05,1.25496754496109e-05,7.38633654369726e-05,0.42
0.168166666666667,0.58,0,0,0.0199999999999999,0.01,0.0199999999999999,-3.62749599818422e-07,-3.62749599818422e-07,7.83253028526233e-06,1.98116290546486e-05,1.4419070800588e-05,,2.18111269955764e-06,2.35627862017459e-06,1.41832541545311e-05,1.25224450179573e-05,7.35005890432479e-05,0.42
0.168866666666667,0.58,0,0,0.0199999999999999,0.01,0.0199999999999999,-3.62749599818422e-07,-3.62749599818422e-07,7.83253028526233e-06,1.98116290546486e-05,1.4419070800588e-05,,2.18111269955764e-06,2.35627862017459e-06,1.41263456618424e-05,1.24953283818126e-05,7.35005890432479e-05,0.42
0.169533333333333,0.58,0,0,0.0199999999999999,0.01,0.0199999999999999,-3.62749599818422e-07,-3.62749599818422e-07,7.83253028526233e-06,1.98116290546486e-05,-7.01535426711669e-07,,2.18111269955764e-06,2.35627862017459e-06,1.41263456618424e-05,1.24683871446322e-05,7.35005890432479e-05,0.42
0.1702,0.58,0,0,0.0199999999999999,0.0199999999999999,0.0199999999999999,0,-3.62749599818422e-07,7.83253028526233e-06,1.98116290546486e-05,-7.01535426711669e-07,,2.09193499770717e-06,2.35627862017459e-06,1.41263456618424e-05,1.24416194236413e-05,7.35005890432479e-05,0.42
0.1709,0.58,0,0,0.0199999999999999,0.01,0.0199999999999999,0,-3.62749599818422e-07,1.04226573264862e-05,1.98116290546486e-05,-7.01535426711669e-07,,2.09193499770717e-06,2.35628786236086e-06,1.40940695196946e-05,1.24150233642386e-05,7.35005890432479e-05,0.42
0.171566666666667,0.58,0,0,0.0299999999999999,0.01,0.0199999999999999,-8.94761220427248e-06,-8.94761220427248e-06,1.47495186431787e-06,1.08582414433301e-05,1.64841075119973e-06,,2.83871298630656e-06,2.59501892540924e-06,1.41143940260781e-05,1.24032411685948e-05,6.45523191842079e-05,0.42
0.172266666666667,0.58,0,0,0.0199999999999999,0.01,0.0199999999999999,-8.94761220427248e-06,-8.94761220427248e-06,1.47495186431787e-06,1.08582414433301e-05,1.64841075119973e-06,,2.83871298630656e-06,2.59501892540924e-06,1.41143940260781e-05,1.23769480870019e-05,6.45523191842079e-05,0.42
0.173,0.58,0,0,0.0199999999999999,0.01,0.0199999999999999,-8.94761220427248e-06,-8.94761220427248e-06,1.47495186431787e-06,1.08582414433301e-05,1.64841075119973e-06,,2.83871298630656e-06,2.59501892540924e-06,1.41143940260781e-05,1.23508215121569e-05,6.45523191842079e-05,0.42
0.173666666666667,0.58,0,0,0.0199999999999999,0.01,0.0199999999999999,0,-8.94761220427248e-06,1.47495186431787e-06,1.08582414433301e-05,1.64841075119973e-06,,2.83863812962315e-06,2.59501892540924e-06,1.41143674347549e-05,1.23248596940462e-05,6.45523191842079e-05,0.42
0.174333333333333,0.58,0,0,0,0.01,0.0199999999999999,0,-8.94761220427248e-06,1.52814251378134e-06,1.08582414433301e-05,1.31230811710245e-06,,2.83863812962315e-06,2.59498471509866e-06,1.41143674347549e-05,1.22990609082981e-05,6.45523191842079e-05,0.42
0.175,0.58,0,0,0,0.01,0.0199999999999999,-1.06347959880779e-05,-1.06347959880779e-05,-9.10666972578045e-06,-1.15031837703466e-07,-9.32250182710457e-06,,3.58090180489387e-06,2.88943583104958e-06,1.41426029442477e-05,1.2293496162526e-05,5.39168366953849e-05,0.42
0.1758,0.58,0,0,0,0.0199999999999999,0.0199999999999999,-1.06347959880779e-05,-1.06347959880779e-05,-9.10666972578045e-06,-1.15031837703466e-07,-9.32250182710457e-06,,3.58090180489387e-06,2.88943583104958e-06,1.41426029442477e-05,1.22679729759852e-05,5.39168366953849e-05,0.42
0.176533333333333,0.58,0,0,0,0.0199999999999999,0.0199999999999999,-1.06347959880779e-05,-1.06347959880779e-05,-9.10666972578045e-06,-1.15031837703466e-07,-9.32250182710457e-06,,3.58090180489387e-06,2.88943583104958e-06,1.41426029442477e-05,1.22426081023389e-05,5.39168366953849e-05,0.42
0.1772,0.58,0,0,0,0.0199999999999999,0.0199999999999999,0,-1.06347959880779e-05,-9.10666972578045e-06,-1.15031837703466e-07,-9.32250182710457e-06,,3.57576677383674e-06,2.50562636113567e-06,1.41426029442477e-05,1.22173999117111e-05,5.39168366953849e-05,0.42
0.177933333333333,0.58,0,0,0,0.0199999999999999,0.0199999999999999,8.84254427038699e-06,-1.79234575634526e-06,-8.61494495439972e-07,-3.31145644783422e-06,-4.80039991352699e-07,,4.04503419530272e-06,2.72150083731389e-06,1.31923070199916e-05,1.22047711758157e-05,6.27598577277873e-05,0.42
0.1786,0.58,0,0,0,0.0199999999999999,0.0299999999999999,8.84254427038699e-06,8.84254427038699e-06,-8.61494495439972e-07,-3.31145644783422e-06,6.0478605454684e-05,,4.04503419530272e-06,2.72150083731389e-06,1.31923070199916e-05,1.21798490572527e-05,6.27598577277873e-05,0.42
0.179266666666667,0.58,0,0,0,0.0199999999999999,0.0299999999999999,8.84254427038699e-06,8.84254427038699e-06,-8.61494495439972e-07,-3.31145644783422e-06,6.0478605454684e-05,,4.04503419530272e-06,2.72150083731389e-06,1.31923070199916e-05,1.21550789905264e-05,6.27598577277873e-05,0.42
0.18,0.58,0,0,0,0.0199999999999999,0.0299999999999999,0,8.84254427038699e-06,-8.61494495439972e-07,-3.31145644783422e-06,6.0478605454684e-05,,4.04503419530272e-06,2.72150083731389e-06,1.31923070199916e-05,1.21304594357652e-05,6.27598577277873e-05,0.42
0.180733333333333,0.58,0,0,0,0.0199999999999999,0.0299999999999999,0,8.84254427038699e-06,-8.61494495439972e-07,-3.31145644783422e-06,6.0478605454684e-05,,3.40154278856836e-06,2.72150634027681e-06,1.31923070199916e-05,1.21059888748425e-05,6.27598577277873e-05,0.42
0.181433333333333,0.58,0,0,0,0.0199999999999999,0.0299999999999999,1.11918337550607e-07,1.11918337550607e-07,-1.09907705323555e-05,-3.15777748592509e-06,6.05905305608996e-05,,3.40230982253106e-06,2.72156496661455e-06,1.3192284551164e-05,1.20816585051671e-05,6.28717830893168e-05,0.42
0.182133333333333,0.59,0.01,0.01,0.01,0.0299999999999999,0.0399999999999999,1.11918337550607e-07,1.11918337550607e-07,-1.09907705323555e-05,-3.15777748592509e-06,6.05905305608996e-05,,3.40230982253106e-06,2.72156496661455e-06,1.3192284551164e-05,1.20574815146692e-05,6.28717830893168e-05,0.41
0.1828,0.59,0.01,0.01,0.01,0.0299999999999999,0.0299999999999999,1.11918337550607e-07,1.11918337550607e-07,-1.09907705323555e-05,-3.15777748592509e-06,6.05905305608996e-05,,3.40230982253106e-06,2.72156496661455e-06,1.3192284551164e-05,1.20334490896719e-05,6.28717830893168e-05,0.41
0.1835,0.59,0.01,0.01,0.01,0.0299999999999999,0.0299999999999999,0,1.11918337550607e-07,-1.09907705323555e-05,-3.15777748592509e-06,6.05905305608996e-05,,3.40230982253106e-06,2.72156496661455e-06,1.3192284551164e-05,1.20095597951877e-05,6.28717830893168e-05,0.41
0.184133333333333,0.59,0,0.01,0.01,0.0299999999999999,0.0299999999999999,0,1.11918337550607e-07,-1.09907705323555e-05,-3.15777748592509e-06,6.05905305608996e-05,,3.40364737144002e-06,2.70260413740126e-06,1.17958786954116e-05,1.19858122160911e-05,6.28717830893168e-05,0.41
0.184833333333333,0.59,0,0.01,0.01,0.0299999999999999,0.0299999999999999,2.39863783305388e-07,2.39863783305388e-07,-1.07509093853379e-05,-2.91791446005616e-06,6.08304088776788e-05,,3.33493475641592e-06,2.51042953220899e-06,1.17542988953521e-05,1.19621948415931e-05,6.3111661953286e-05,0.41
0.185566666666667,0.59,0,0,0.01,0.0299999999999999,0.0299999999999999,2.39863783305388e-07,2.39863783305388e-07,-1.03881635538217e-05,-1.13170890450508e-05,-9.49228829343995e-06,,3.40541424866002e-06,2.51042953220899e-06,1.17542988953521e-05,1.19387266221021e-05,6.3111661953286e-05,0.41
0.186266666666667,0.59,0,0,0.01,0.0299999999999999,0.0299999999999999,2.39863783305388e-07,2.39863783305388e-07,-1.03881635538217e-05,-1.13170890450508e-05,-9.49228829343995e-06,,3.40541424866002e-06,2.51042953220899e-06,1.17542988953521e-05,1.19153959873028e-05,6.3111661953286e-05,0.41
0.187,0.59,0,0,0.01,0.0299999999999999,0.0299999999999999,0,2.39863783305388e-07,-1.03881635538217e-05,-1.13170890450508e-05,-9.49228829343995e-06,,3.40541424866002e-06,2.51042953220899e-06,1.17413204936885e-05,1.18922015980893e-05,6.3111661953286e-05,0.41
0.1877,0.59,0,0,0.01,0.0299999999999999,0.0299999999999999,0,2.39863783305388e-07,-1.03881635538217e-05,-1.14095821116748e-05,-2.86837082143887e-06,,2.8837575117981e-06,2.52787069694609e-06,1.17413204936885e-05,1.18691421335318e-05,6.3111661953286e-05,0.41
0.188433333333333,0.59,0,0,0.01,0.0299999999999999,0.0299999999999999,2.96942574878444e-06,2.96942574878444e-06,1.52885723197655e-06,-8.44019024279723e-06,1.01046409931397e-07,,2.94939481690064e-06,2.55460616227941e-06,1.17855534637162e-05,1.18474117193713e-05,6.60812751074645e-05,0.41
0.189133333333333,0.59,0,0,0.01,0.0299999999999999,0.0299999999999999,2.96942574878444e-06,2.96942574878444e-06,1.52885723197655e-06,-8.44019024279723e-06,1.01046409931397e-07,,2.94939481690064e-06,2.55460616227941e-06,1.17855534637162e-05,1.18246168371158e-05,6.60812751074645e-05,0.41
0.189833333333333,0.59,0,0,0.01,0.0299999999999999,0.0299999999999999,2.96942574878444e-06,2.96942574878444e-06,1.52885723197655e-06,-8.44019024279723e-06,1.01046409931397e-07,,2.94939481690064e-06,2.55460616227941e-06,1.17439817172052e-05,1.18019530252621e-05,6.60812751074645e-05,0.41
0.1905,0.6,0.01,0.01,0.02,0.0399999999999999,0.0399999999999999,-7.8611150707293e-08,2.89081436464718e-06,1.45024596108403e-06,-8.51880073001146e-06,2.24352512807293e-08,,2.94951541836049e-06,2.53680818775071e-06,1.02216407236296e-05,1.17794264558835e-05,6.60026587620321e-05,0.4
0.191166666666667,0.6,0.01,0.01,0.02,0.03,0.0399999999999999,-7.8611150707293e-08,2.89081436464718e-06,1.45024596108403e-06,-8.51880073001146e-06,6.8693968986655e-05,,1.87354918946645e-06,2.35120928856694e-06,1.02216407236296e-05,1.17570210091082e-05,6.60026587620321e-05,0.4
0.1918,0.6,0.01,0.01,0.02,0.03,0.0399999999999999,-7.8611150707293e-08,-7.8611150707293e-08,1.20851704724844e-05,-8.51880073001146e-06,6.8693968986655e-05,,1.87354918946645e-06,2.33482435624914e-06,1.02216407236296e-05,1.17347429289086e-05,6.60026587620321e-05,0.4
0.192466666666667,0.6,0,0.01,0.02,0.03,0.0399999999999999,0,-7.8611150707293e-08,1.20851704724844e-05,-4.20565464051495e-08,6.8693968986655e-05,,1.83710455475736e-06,2.33482435624914e-06,1.02216407236296e-05,1.17125910131215e-05,6.60026587620321e-05,0.4
0.1932,0.6,0,0.01,0.02,0.03,0.0399999999999999,0,-7.8611150707293e-08,1.20851704724844e-05,-4.20565464051495e-08,6.8693968986655e-05,,1.83710455475736e-06,2.33482435624914e-06,1.02216407236296e-05,1.16905640754091e-05,6.60026587620321e-05,0.4
0.193833333333333,0.6,0,0.01,0.02,0.03,0.0399999999999999,-1.01005747819567e-05,-1.01791851386462e-05,1.98447362335962e-06,-1.01426309035665e-05,5.85927003561275e-05,,2.80581112118269e-06,2.6169693112316e-06,1.02598327059138e-05,1.16857617748276e-05,5.59014173152848e-05,0.4
0.1945,0.6,0,0,0.02,0.03,0.03,-1.01005747819567e-05,-1.01005747819567e-05,1.98447362335962e-06,-1.01426309035665e-05,5.85927003561275e-05,,2.13068532893216e-06,2.6169693112316e-06,1.02598327059138e-05,1.16639465944824e-05,5.59014173152848e-05,0.4
0.195133333333333,0.61,0.01,0.01,0.03,0.04,0.04,-1.01005747819567e-05,-1.01005747819567e-05,-6.85801000477029e-06,-1.01426309035665e-05,5.85927003561275e-05,,2.13068532893216e-06,2.6168923106488e-06,8.38878856947922e-06,1.1642253134589e-05,5.59014173152848e-05,0.39
0.195866666666667,0.61,0.01,0.01,0.03,0.04,0.04,0,-1.01005747819567e-05,-6.85801000477029e-06,-1.02226055663416e-05,-1.19606534734131e-05,,2.13068532893216e-06,2.6168923106488e-06,8.38878856947922e-06,1.16206802674184e-05,5.59014173152848e-05,0.39
0.196633333333333,0.61,0.01,0.01,0.03,0.04,0.04,0,-1.01005747819567e-05,-6.85801000477029e-06,-1.02226055663416e-05,-1.19606534734131e-05,,2.13068532893216e-06,2.61675433934963e-06,8.38878856947922e-06,1.1599226879815e-05,5.59014173152848e-05,0.39
0.197633333333333,0.61,0,0.01,0.03,0.04,0.04,0,0,-6.85801000477029e-06,-9.81632900975979e-06,-1.19606534734131e-05,,2.174862957175e-06,2.63506737909332e-06,8.38878856947922e-06,1.15778918729559e-05,5.59014173152848e-05,0.39
0.198466666666667,0.61,0,0.01,0.03,0.04,0.04,9.673037698211e-06,9.673037698211e-06,2.70304271558075e-06,-1.43386265269363e-07,-2.28773147105403e-06,,2.97929652033018e-06,2.87759359803252e-06,8.42837654967214e-06,1.15708118045004e-05,6.55749957500129e-05,0.39
0.1993,0.61,0,0,0.02,0.04,0.04,9.673037698211e-06,9.673037698211e-06,2.70304271558075e-06,-1.43386265269363e-07,-7.13839671552866e-06,,2.97929652033018e-06,2.87759359803252e-06,8.44820512922535e-06,1.15496869711419e-05,6.55749957500129e-05,0.39
0.2003,0.61,0,0,0.02,0.04,0.04,0,9.673037698211e-06,2.70304271558075e-06,-9.25425878978284e-08,-7.13839671552866e-06,,3.04614762469321e-06,2.91899394265711e-06,8.44820512922535e-06,1.15286774197155e-05,6.55749957500129e-05,0.39
0.201233333333333,0.61,0,0,0.02,0.0499999999999999,0.04,1.8017947716734e-07,9.85321891826121e-06,2.88322267978091e-06,8.76368725952363e-08,-6.95821852455391e-06,,3.04606879772396e-06,2.91907456272738e-06,8.43910362618399e-06,1.15077737160983e-05,6.57551870424487e-05,0.39
0.202133333333333,0.61,0,0,0.02,0.0499999999999999,0.04,1.8017947716734e-07,1.8017947716734e-07,2.64335826242961e-06,8.76368725952363e-08,-2.26474191007865e-06,6.57551870424487e-05,3.04606879772396e-06,2.91907456272738e-06,8.46918954345651e-06,1.15077737160983e-05,6.57551870424487e-05,0.39
0.203033333333333,0.61,0,0,0.02,0.0499999999999999,0.04,0,1.8017947716734e-07,2.64335826242961e-06,8.76368725952363e-08,-2.26474191007865e-06,6.57551870424487e-05,3.11763530199884e-06,2.92337126681203e-06,8.46918954345651e-06,1.15077737160983e-05,6.57551870424487e-05,0.39
0.203933333333333,0.61,0,0,0.02,0.0499999999999999,0.04,0,1.8017947716734e-07,2.64335826242961e-06,2.67774385371841e-06,-2.26474191007865e-06,6.57551870424487e-05,3.11763530199884e-06,2.92337126681203e-06,8.46918954345651e-06,1.15077737160983e-05,6.57551870424487e-05,0.39
0.2046,0.61,0,0,0.02,0.0599999999999999,0.04,0,0,2.64335826242961e-06,2.67774385371841e-06,-2.26474191007865e-06,6.57551870424487e-05,3.05210976057061e-06,2.92337126681203e-06,8.46918954345651e-06,1.15077737160983e-05,6.57551870424487e-05,0.39
0.205333333333333,0.61,0,0,0.02,0.0499999999999999,0.04,0,0,-3.2606651812452e-07,2.67774385371841e-06,-2.26474191007865e-06,6.57551870424487e-05,3.05210976057061e-06,2.92337126681203e-06,8.46918954345651e-06,1.15286764086946e-05,6.57551870424487e-05,0.39
0.206033333333333,0.61,0,0,0.02,0.0499999999999999,0.04,4.46696231369733e-07,4.46696231369733e-07,1.20629567592529e-07,3.12444128122623e-06,-1.8180466903606e-06,6.62019126464126e-05,3.05369999667508e-06,2.92377724359458e-06,8.46898251083926e-06,1.15077789615469e-05,6.62019126464126e-05,0.39
0.2067,0.61,0,0,0.02,0.0499999999999999,0.04,4.46696231369733e-07,4.46696231369733e-07,1.20629567592529e-07,3.12444128122623e-06,-9.69333851303076e-07,6.60624228190322e-05,3.05364247150148e-06,2.90251832220998e-06,8.46898251083926e-06,1.15077789615469e-05,6.62019126464126e-05,0.39
0.207433333333333,0.61,0,0,0.01,0.03,0.04,4.46696231369733e-07,4.46696231369733e-07,1.99240733962365e-07,3.17763201842699e-06,-9.69333851303076e-07,6.60624228190322e-05,3.05364247150148e-06,2.92375772995466e-06,8.46898251083926e-06,1.15077789615469e-05,6.62019126464126e-05,0.39
0.2081,0.61,0,0,0.01,0.03,0.04,0,4.46696231369733e-07,1.99240733962365e-07,3.17763201842699e-06,-9.69333851303076e-07,6.60624228190322e-05,3.05364247150148e-06,2.90249912890487e-06,6.25819571512099e-06,1.15077745369643e-05,6.62019126464126e-05,0.39
0.2088,0.61,0,0,0.01,0.03,0.03,3.30473767351722e-08,4.79743622867044e-07,2.32288117281921e-07,3.21067950017456e-06,6.63497034056753e-05,6.61483204758885e-05,3.0536456895981e-06,2.90249421606737e-06,6.25817846663846e-06,1.1507772215195e-05,6.62349622109474e-05,0.39
0.209533333333333,0.66,0.05,0.05,0.0600000000000001,0.0800000000000001,0.0800000000000001,3.30473767351722e-08,3.30473767351722e-08,2.32288117281921e-07,3.21067950017456e-06,6.63497034056753e-05,6.61483204758885e-05,3.0536456895981e-06,2.92375266794784e-06,6.25817846663846e-06,1.1507772215195e-05,6.62349622109474e-05,0.34
0.210266666666667,0.66,0.05,0.05,0.0600000000000001,0.0800000000000001,0.0800000000000001,3.30473767351722e-08,3.30473767351722e-08,2.32288117281921e-07,3.21067950017456e-06,6.63497034056753e-05,6.61483204758885e-05,2.05538159071355e-06,2.92298403278633e-06,6.25817895176171e-06,1.1507772215195e-05,6.62349622109474e-05,0.34
0.211,0.72,0.11,0.11,0.12,0.14,0.14,0,3.30473767351722e-08,1.03329672681472e-05,2.61338891074853e-06,6.63488056528608e-05,6.61483204758885e-05,2.05538159071355e-06,2.92298403278633e-06,6.25817895176171e-06,1.1507772215195e-05,6.62349622109474e-05,0.28
0.211666666666667,0.72,0.0599999999999999,0.11,0.12,0.14,0.14,2.16102596992428e-07,2.49149980869224e-07,1.05490720981207e-05,2.82949207250109e-06,6.65649225880025e-05,6.63644373677047e-05,2.05343237543159e-06,2.92305799219156e-06,6.25808851764598e-06,1.14880259902112e-05,6.64510791214871e-05,0.28
0.212366666666667,0.72,0.0599999999999999,0.11,0.11,0.14,0.14,2.16102596992428e-07,2.16102596992428e-07,1.05490720981207e-05,2.82949207250109e-06,6.65649225880025e-05,5.49494545456041e-05,2.05343237543159e-06,2.90180336834282e-06,6.25808851764598e-06,1.14880259902112e-05,6.64510791214871e-05,0.28
0.213066666666667,0.72,0,0.0599999999999999,0.11,0.14,0.14,2.16102596992428e-07,2.16102596992428e-07,1.05490720981207e-05,2.82949207250109e-06,6.65649225880025e-05,5.49494545456041e-05,2.0534323754316e-06,2.90180336834282e-06,6.25808851764598e-06,1.14880259902112e-05,6.64510791214871e-05,0.28
0.213733333333333,0.72,0,0.0599999999999999,0.11,0.14,0.15,0,2.16102596992428e-07,1.05490720981207e-05,2.82949207250109e-06,6.65649225880025e-05,5.49494545456041e-05,2.0534323754316e-06,2.90180336834282e-06,6.25808851764598e-06,1.1362770060679e-05,6.64510791214871e-05,0.28
0.214433333333333,0.72,0,0,0.11,0.14,0.15,0,2.16102596992428e-07,1.05490720981207e-05,2.82949207250109e-06,6.65649225880025e-05,2.66940002567462e-05,1.07626065991378e-07,2.62498453186932e-06,6.25808851764598e-06,1.1362770060679e-05,6.64510791214871e-05,0.28
0.215166666666667,0.71,-0.01,-0.01,0.1,0.13,0.14,0,0,8.76025926077881e-07,-7.41173885950956e-06,6.65649225880025e-05,2.66940002567462e-05,1.07626065991378e-07,2.62498453186932e-06,6.25808851764598e-06,1.1362770060679e-05,6.64510791214871e-05,0.29
0.215933333333333,0.74,0.02,0.02,0.13,0.16,0.17,0.0001497611278755,0.0001497611278755,0.000150637284996208,0.000142348279025619,0.000216336019301386,0.000176459125855832,3.11865654597809e-05,1.8102352499341e-05,1.2904815016654e-05,1.44905275344755e-05,0.000216222158785545,0.26
0.2166,0.74,0.02,0.02,0.13,0.16,0.17,0.0001497611278755,0.0001497611278755,0.000150637284996208,0.000142348279025619,0.000149478710433347,0.000176459125855832,3.11865654597809e-05,1.8102352499341e-05,1.2904815016654e-05,1.44905275344755e-05,0.000216222158785545,0.26
0.2173,0.74,0.03,0.02,0.13,0.16,0.17,0.0001497611278755,0.0001497611278755,0.000150637284996208,0.000142348279025619,0.000149478710433347,0.000176459125855832,3.1188338819475e-05,1.8102352499341e-05,1.28495579027525e-05,1.44905275344755e-05,0.000216222158785545,0.26
0.218033333333333,0.74,0,0.02,0.13,0.16,0.17,-8.08892521646629e-06,0.00014167099125247,0.000142366936157241,0.000134258202364569,0.000154435296914081,0.000168368773274693,3.131422177311e-05,1.81408655634537e-05,1.2872812808332e-05,1.44448132764725e-05,0.000208131484564206,0.26
0.218766666666667,0.74,0,0.03,0.13,0.16,0.17,-8.08892521646629e-06,0.00014167099125247,0.000142366936157241,0.000134621000798102,0.000154435296914081,0.000146795910697011,3.06543332057005e-05,1.81408655634537e-05,1.2872812808332e-05,1.44448132764725e-05,0.000208131484564206,0.26
0.219466666666667,0.74,0,0,0.13,0.16,0.17,-8.08892521646629e-06,-8.08892521646629e-06,0.000142366936157241,0.000134621000798102,0.000154435296914081,0.000146795910697011,3.06543332057005e-05,1.81408655634537e-05,1.2872812808332e-05,1.44448132764725e-05,0.000208131484564206,0.26
0.220133333333333,0.74,0,0,0.13,0.16,0.18,0,-8.08892521646629e-06,0.000142366936157241,0.000134621000798102,0.000154435296914081,0.000146795910697011,3.06543332057005e-05,1.81408655634537e-05,1.2872812808332e-05,1.44448306366028e-05,0.000208131484564206,0.26
0.220833333333333,0.74,0,0,0.13,0.16,0.17,0,-8.08892521646629e-06,0.000142366936157241,0.000134621000798102,0.000154435296914081,0.000146644018492106,3.06543332057005e-05,1.81408655634537e-05,1.28728162261119e-05,1.44448306366028e-05,0.000208131484564206,0.26
0.221566666666667,0.74,0,0,0.13,0.16,0.17,0,0,0.000142366936157241,0.000134621000798102,0.000154429697970084,0.000146644018492106,3.06543332057005e-05,1.8094416006771e-05,1.28728162261119e-05,1.44448306366028e-05,0.000208131484564206,0.26
0.222233333333333,0.74,0,0,0.13,0.16,0.17,0,0,0.000142366936157241,0.000143569897610142,0.000154429697970084,0.000146644018492106,3.06581070412188e-05,1.8094416006771e-05,1.28728162261119e-05,1.44448306366028e-05,0.000208131484564206,0.26
0.222966666666667,0.74,0,0,0.13,0.16,0.17,2.32742696754827e-05,2.32742696754827e-05,0.000165197749294607,0.000166847508770139,0.000177707561884004,0.000169921701200022,3.08214080626824e-05,1.82685800147259e-05,1.30070837518795e-05,1.45092746793296e-05,0.000231410598347988,0.26
0.223666666666667,0.74,0,0,0.13,0.16,0.17,2.32742696754827e-05,2.32742696754827e-05,0.000165197749294607,0.000166847508770139,0.000177707561884004,0.000169921701200022,3.08214080626824e-05,1.84000468136827e-05,1.30070837518795e-05,1.45093040790551e-05,0.000231410598347988,0.26
0.2244,0.74,0,0,0.13,0.16,0.17,2.32742696754827e-05,2.32742696754827e-05,0.000165197749294607,0.000166847508770139,0.000177707561884004,0.000169684672333206,3.08214080626824e-05,1.83332099067473e-05,1.30072879431983e-05,1.45093040790551e-05,0.000231410598347988,0.26
0.225066666666667,0.74,0,0,0.13,0.16,0.17,-8.01267069415077e-05,-5.68543021566105e-05,8.50578056014547e-05,9.73432641010248e-05,9.72282210657468e-05,8.95443691176856e-05,3.55952231933864e-05,2.08634857683282e-05,1.47027669482998e-05,1.52712133570273e-05,0.000151265349237284,0.26
0.2258,0.74,0,0,0.13,0.16,0.18,-8.01267069415077e-05,-5.68543021566105e-05,8.50247554148744e-05,9.73432641010248e-05,9.72282210657468e-05,8.95443691176856e-05,3.55952231933864e-05,2.08634857683282e-05,1.47027669482998e-05,1.52712133570273e-05,0.000151265349237284,0.26
0.226533333333333,0.74,0,0,0.08,0.16,0.18,-8.01267069415077e-05,-8.01267069415077e-05,8.50247554148744e-05,9.73432641010248e-05,9.72282210657468e-05,8.95443691176856e-05,3.55952231933864e-05,2.07124560220831e-05,1.47027669482998e-05,1.52988411578683e-05,0.000151265349237284,0.26
0.2272,0.74,0,0,0.08,0.16,0.18,0,-8.01267069415077e-05,8.50247554148744e-05,9.73432641010248e-05,9.72282210657468e-05,8.95443691176856e-05,3.55952231933864e-05,2.08444382935375e-05,1.46713375876801e-05,1.52712133570273e-05,0.000151265349237284,0.26
0.227933333333333,0.74,0,0,0.02,0.16,0.18,0,-8.01267069415077e-05,8.50247554148744e-05,8.84999372660246e-05,8.51881877545025e-05,8.95443691176856e-05,3.55961693405577e-05,2.06934250621586e-05,1.46713375876801e-05,1.52712133570273e-05,0.000151265349237284,0.26
0.228633333333333,0.74,0,0,0.02,0.16,0.18,8.76525522546059e-05,8.76525522546059e-05,0.000172468620438388,0.000176160246766006,0.000172848206971187,0.000177204770164785,3.9477809973304e-05,2.32907340774135e-05,1.64003804058597e-05,1.61350162133185e-05,0.000238931160285818,0.26
0.2293,0.74,0,0,0.02,0.16,0.18,8.76525522546059e-05,8.76525522546059e-05,0.000172468620438388,0.000176160246766006,0.000172848206971187,0.000167401823218295,3.9477809973304e-05,2.32907340774135e-05,1.64003804058597e-05,1.61350162133185e-05,0.000238931160285818,0.26
0.23,0.74,0,0,0.02,0.16,0.18,8.76525522546059e-05,8.76525522546059e-05,0.000172468620438388,0.000176160246766006,0.000172848206971187,0.000167401823218295,3.9477809973304e-05,2.31234174931252e-05,1.64003804058597e-05,1.61350162133185e-05,0.000238931160285818,0.26
0.2307,0.74,0,0,0.02,0.16,0.18,1.14093240825107e-08,8.76639625787448e-05,0.000172480031730221,0.000176171658099958,0.000172859618267351,0.000167413234452319,3.94777158157925e-05,2.31233992764886e-05,1.64003514586133e-05,1.61350182554816e-05,0.000238942572335943,0.26
0.2314,0.74,0,0,0.02,0.16,0.18,1.14093240825107e-08,8.76639625787448e-05,0.000172480031730221,0.000176171658099958,0.000172901386614751,0.000167386223344653,3.94777158157925e-05,2.31235743934916e-05,1.64003514586133e-05,1.61350182554816e-05,0.000238942572335943,0.26
0.2321,0.74,0,0,0.03,0.16,0.18,1.14093240825107e-08,1.14093240825107e-08,0.000172480031730221,0.000176059720058096,0.000172901386614751,0.000167386223344653,2.52706506242653e-05,2.31235743934916e-05,1.64003514586133e-05,1.61350182554816e-05,0.000238942572335943,0.26
0.232766666666667,0.73,-0.01,-0.01,-0.01,0.14,0.17,0,1.14093240825107e-08,2.2715501955528e-05,0.000176059720058096,0.000172901386614751,0.000167386223344653,2.52706506242653e-05,2.31235743934916e-05,1.64003514586133e-05,1.61350182554816e-05,0.000238942572335943,0.27
0.233433333333333,0.72,-0.02,-0.02,-0.02,0.13,0.16,0,1.14093240825107e-08,2.2715501955528e-05,0.000176059720058096,0.000172901386614751,0.000167386223344653,2.52706506242653e-05,2.31235743934916e-05,1.63424193320791e-05,1.61350182554816e-05,0.000238942572335943,0.28
0.2342,0.71,-0.03,-0.03,-0.03,0.12,0.15,0,0,2.2715501955528e-05,0.000176059720058096,0.000172901386614751,0.000167386223344653,2.51980630318864e-05,2.32912682182213e-05,1.63893931538684e-05,1.61330403625233e-05,0.000238942572335943,0.29
0.2349,0.73,0,-0.01,-0.01,0.14,0.17,-1.55370852689796e-05,-1.55370852689796e-05,1.52671124648548e-05,0.000160279997105562,0.000157361614962184,0.000155484955323817,2.54320988657379e-05,2.33915059095232e-05,1.63912759072737e-05,1.61620728966032e-05,0.000223401774595843,0.27
0.2356,0.73,0.01,-0.01,-0.01,0.14,0.17,-1.55370852689796e-05,-1.55370852689796e-05,1.52671124648548e-05,0.000160279997105562,0.000148961094157512,0.000155484955323817,2.54320988657379e-05,2.33915059095232e-05,1.63912759072737e-05,1.61620728966032e-05,0.000223401774595843,0.27
0.2363,0.71,0,-0.02,-0.03,0.12,0.15,-1.55370852689796e-05,-1.55370852689796e-05,1.52671124648548e-05,0.000160279997105562,0.000148961094157512,0.000155484955323817,2.54320988657379e-05,2.33915059095232e-05,1.63912759072737e-05,1.61620663113967e-05,0.000223401774595843,0.29
0.236933333333333,0.69,-0.04,-0.03,-0.05,0.1,0.13,0,-1.55370852689796e-05,1.52671124648548e-05,0.000160279997105562,0.000148961094157512,0.000155535219014262,2.54320988657379e-05,2.32230922454257e-05,1.63912759072737e-05,1.61620663113967e-05,0.000223401774595843,0.31
0.237666666666667,0.71,-0.02,0,-0.03,0.12,0.15,0,-1.55370852689796e-05,1.52671124648548e-05,0.000160279997105562,0.000148961094157512,0.000155535219014262,2.54320988657379e-05,2.32230922454257e-05,1.63913163256171e-05,1.61620663113967e-05,0.000223401774595843,0.29
0.238366666666667,0.69,-0.02,-0.04,-0.05,0.1,0.13,0,0,1.52671124648548e-05,0.000160279997105562,0.000148868586266099,0.000155535219014262,2.54320988657379e-05,2.32246057390189e-05,1.64495088001998e-05,1.61620663113967e-05,0.000223401774595843,0.31
0.239066666666667,0.69,0,-0.04,-0.05,0.1,0.13,0,0,1.52671124648548e-05,0.000157310104236103,0.000148868586266099,0.000155535219014262,2.49711814245675e-05,2.32246057390189e-05,1.64495088001998e-05,1.61620663113967e-05,0.000223401774595843,0.31
0.239766666666667,0.69,-0.02,-0.02,-0.05,0.1,0.13,2.66197195995519e-05,2.66197195995519e-05,1.86125356020039e-05,0.00018393401138652,0.000175492268705675,0.000182159078917732,2.55701896558668e-05,2.34039313070216e-05,1.65893727865943e-05,1.62362122320286e-05,0.000250027441087993,0.31
0.240466666666667,0.69,0,0,-0.05,0.1,0.13,2.66197195995519e-05,2.66197195995519e-05,1.86125356020039e-05,0.00018393401138652,0.000175492268705675,0.000178166262346607,2.55701896558668e-05,2.34037995984865e-05,1.65307752438524e-05,1.62362122320286e-05,0.000250027441087993,0.31
0.2412,0.69,0,-0.02,-0.05,0.09,0.12,2.66197195995519e-05,2.66197195995519e-05,1.86125356020039e-05,0.000184012637002673,0.000175492268705675,0.000178166262346607,1.88921755015229e-05,2.35730073103822e-05,1.65692055415923e-05,1.62362122320286e-05,0.000250027441087993,0.31
0.241933333333333,0.69,0,0,-0.05,0.09,0.12,-3.85280977295073e-05,-1.19094037371137e-05,6.02152525583088e-05,0.000145477449616303,0.000145435386951619,0.000139631300209932,2.08094157685357e-05,2.40886232385689e-05,1.69052972392696e-05,1.64031915330695e-05,0.0002114897102768,0.31
0.242633333333333,0.69,0,0,-0.05,0.09,0.12,-3.85280977295073e-05,-1.19094037371137e-05,6.02152525583088e-05,0.000145477449616303,0.000145435386951619,0.000139631300209932,2.08094157685357e-05,2.40886232385689e-05,1.69052972392696e-05,1.63736921975094e-05,0.0002114897102768,0.31
0.243266666666667,0.69,0,0,-0.05,0.09,0.12,-3.85280977295073e-05,-3.85280977295073e-05,6.02152525583088e-05,0.000145477449616303,0.000145435386951619,0.000139631300209932,2.08094157685357e-05,2.40437890403492e-05,1.69052972392696e-05,1.63443514453658e-05,0.0002114897102768,0.31
0.243966666666667,0.69,0,0,-0.05,0.09,0.12,0,-3.85280977295073e-05,6.02152525583088e-05,0.000155579595841602,0.000145435386951619,0.000139631300209932,2.08094157685357e-05,2.40437890403492e-05,1.69052972392696e-05,1.63151678608511e-05,0.0002114897102768,0.31
0.244666666666667,0.69,0,0,-0.05,0.09,0.12,0,-3.85280977295073e-05,6.02152525583088e-05,0.000155579595841602,0.000145435386951619,0.000139631300209932,1.02186998406274e-05,2.40437890403492e-05,1.6845468297932e-05,1.62861400458106e-05,0.0002114897102768,0.31
0.245333333333333,0.69,0,0,-0.05,0.08,0.12,-1.98593016296112e-05,-1.98593016296112e-05,-4.72936517494903e-05,0.00013571720450987,0.000125573197076791,0.000119769225600213,1.08978869997283e-05,2.41899735867765e-05,1.69363103111641e-05,1.63022697185746e-05,0.000191626208609241,0.31
0.246066666666667,0.69,0,0,-0.05,0.08,0.12,-1.98593016296112e-05,-1.98593016296112e-05,-4.72936517494903e-05,0.00013571720450987,0.000125493211560078,0.000119769225600213,1.08978869997283e-05,2.41899735867765e-05,1.69363103111641e-05,1.62734624395456e-05,0.000191626208609241,0.31
0.2468,0.69,0,0,-0.05,0.08,0.12,-1.98593016296112e-05,-1.98593016296112e-05,-4.72936517494903e-05,0.00013571720450987,0.000125493211560078,0.00012364099114248,1.08977931313339e-05,2.41899735867765e-05,1.69361240671451e-05,1.63022697185746e-05,0.000191626208609241,0.31
0.247466666666667,0.69,0,0,-0.05,0.08,0.12,3.80713318763633e-07,-1.94785958715482e-05,-4.6924365224757e-05,0.000136097969497981,0.000126280304505775,0.000124021751533016,1.09011931477528e-05,2.40148200750133e-05,1.69360118316783e-05,1.63022491089876e-05,0.000192006994882654,0.31
0.2482,0.69,0,0,-0.05,0.08,0.12,3.80713318763633e-07,-1.94785958715482e-05,-4.6924365224757e-05,0.000136097969497981,0.000126280304505775,0.000124021751533016,1.09011931477528e-05,2.39976863059874e-05,1.69962201782088e-05,1.63012642426031e-05,0.000192006994882654,0.31
0.2489,0.69,0,0,-0.05,0.08,0.12,3.80713318763633e-07,3.80713318763633e-07,-4.6924365224757e-05,0.000126423708898468,0.000126280304505775,0.000120547333410554,1.09011931477528e-05,2.39976863059874e-05,1.69962201782088e-05,1.63012642426031e-05,0.000192006994882654,0.31
0.249666666666667,0.69,0,0,-0.04,0.08,0.12,0,3.80713318763633e-07,-4.6924365224757e-05,0.000126423708898468,0.000126280304505775,0.000120547333410554,1.09011931477528e-05,2.39976863059874e-05,1.69962003555744e-05,1.63012642426031e-05,0.000192006994882654,0.31
19.8452666666667,0.69,0,0,0,0,0,8.56962842798331e-06,8.56962842798331e-06,8.56962842798331e-06,8.56962842798331e-06,8.56962842798331e-06,8.56962842798331e-06,0,0,0,0,0.000200578268739239,0.31
