timestamp,unix_time,seconds_left,elapsed,up_price,down_price,btc_binance,btc_chainlink,price_to_beat,balance,up_tokens,down_tokens,event,event_side,bet_usd,buy_prob,tokens,btc_at_event,reason,outcome,payout,pnl
21:55:00.349,1777841700.349,299.65,0.35,0.5,0.5,,,,104.5877,0.0000,0.0000,,,,,,,,,,
21:55:00.568,1777841700.568,299.43,0.57,0.5,0.5,,78864.0068340434,78864.0068340434,104.5877,0.0000,0.0000,,,,,,,,,,
21:55:00.773,1777841700.773,299.23,0.77,0.52,0.48,,78864.0068340434,78864.0068340434,104.5877,0.0000,0.0000,,,,,,,,,,
21:55:00.980,1777841700.980,299.02,0.98,0.52,0.48,,78864.0068340434,78864.0068340434,104.5877,0.0000,0.0000,,,,,,,,,,
21:55:01.184,1777841701.184,298.82,1.18,0.53,0.47,,78864.0068340434,78864.0068340434,104.5877,0.0000,0.0000,,,,,,,,,,
21:55:01.392,1777841701.392,298.61,1.39,0.53,0.47,,78864.0068340434,78864.0068340434,104.5877,0.0000,0.0000,,,,,,,,,,
21:55:01.601,1777841701.601,298.40,1.60,0.53,0.47,,78864.0068340434,78864.0068340434,104.5877,0.0000,0.0000,,,,,,,,,,
21:55:01.818,1777841701.818,298.18,1.82,0.53,0.47,,78864.0178340434,78864.0068340434,104.5877,0.0000,0.0000,,,,,,,,,,
21:55:02.026,1777841702.027,297.97,2.03,0.53,0.47,,78864.0178340434,78864.0068340434,104.5877,0.0000,0.0000,,,,,,,,,,
21:55:02.245,1777841702.246,297.75,2.25,0.53,0.47,,78864.0178340434,78864.0068340434,104.5877,0.0000,0.0000,,,,,,,,,,
21:55:02.463,1777841702.464,297.54,2.46,0.53,0.47,,78864.01366650582,78864.0068340434,104.5877,0.0000,0.0000,,,,,,,,,,
21:55:02.665,1777841702.666,297.33,2.67,0.63,0.37,,78864.01366650582,78864.0068340434,104.5877,0.0000,0.0000,,,,,,,,,,
21:55:02.884,1777841702.884,297.12,2.88,0.63,0.37,,78864.01366650582,78864.0068340434,104.5877,0.0000,0.0000,,,,,,,,,,
21:55:03.104,1777841703.105,296.90,3.10,0.63,0.37,,78864.01366650582,78864.0068340434,104.5877,0.0000,0.0000,,,,,,,,,,
21:55:03.321,1777841703.321,296.68,3.32,0.63,0.37,,78864.01366650582,78864.0068340434,104.5877,0.0000,0.0000,,,,,,,,,,
21:55:03.538,1777841703.538,296.46,3.54,0.63,0.37,,78864.9138484026,78864.0068340434,104.5877,0.0000,0.0000,,,,,,,,,,
21:55:03.754,1777841703.754,296.25,3.75,0.63,0.37,,78864.9138484026,78864.0068340434,104.5877,0.0000,0.0000,,,,,,,,,,
21:55:03.960,1777841703.960,296.04,3.96,0.58,0.42,,78864.9138484026,78864.0068340434,104.5877,0.0000,0.0000,,,,,,,,,,
21:55:04.182,1777841704.183,295.82,4.18,0.58,0.42,,78867.14215288848,78864.0068340434,104.5877,0.0000,0.0000,,,,,,,,,,
21:55:04.398,1777841704.398,295.60,4.40,0.54,0.46,,78867.14215288848,78864.0068340434,104.5877,0.0000,0.0000,,,,,,,,,,
21:55:04.613,1777841704.614,295.39,4.61,0.54,0.46,,78867.14215288848,78864.0068340434,104.5877,0.0000,0.0000,,,,,,,,,,
21:55:04.841,1777841704.840,295.16,4.84,0.54,0.46,,78867.14215288848,78864.0068340434,104.5877,0.0000,0.0000,,,,,,,,,,
21:55:05.054,1777841705.055,294.95,5.05,0.63,0.37,,78867.14215288848,78864.0068340434,104.5877,0.0000,0.0000,,,,,,,,,,
21:55:05.258,1777841705.258,294.74,5.26,0.63,0.37,,78867.14215288848,78864.0068340434,104.5877,0.0000,0.0000,,,,,,,,,,
21:55:05.459,1777841705.460,294.54,5.46,0.63,0.37,,78868.8432931876,78864.0068340434,104.5877,0.0000,0.0000,,,,,,,,,,
21:55:05.681,1777841705.681,294.32,5.68,0.58,0.42,,78868.8432931876,78864.0068340434,104.5877,0.0000,0.0000,,,,,,,,,,
21:55:05.905,1777841705.905,294.09,5.91,0.63,0.37,,78868.8432931876,78864.0068340434,104.5877,0.0000,0.0000,,,,,,,,,,
21:55:06.133,1777841706.133,293.87,6.13,0.58,0.42,,78868.85527099363,78864.0068340434,104.5877,0.0000,0.0000,,,,,,,,,,
21:55:06.365,1777841706.366,293.63,6.37,0.63,0.37,,78868.85527099363,78864.0068340434,104.5877,0.0000,0.0000,,,,,,,,,,
21:55:06.612,1777841706.613,293.39,6.61,0.63,0.37,,78868.85527099363,78864.0068340434,104.5877,0.0000,0.0000,,,,,,,,,,
21:55:06.855,1777841706.855,293.14,6.86,0.63,0.37,,78868.85527099363,78864.0068340434,104.5877,0.0000,0.0000,,,,,,,,,,
21:55:07.088,1777841707.088,292.91,7.09,0.6,0.4,,78868.85527099363,78864.0068340434,104.5877,0.0000,0.0000,,,,,,,,,,
21:55:07.317,1777841707.317,292.68,7.32,0.6,0.4,,78868.87396201745,78864.0068340434,104.5877,0.0000,0.0000,,,,,,,,,,
21:55:07.525,1777841707.525,292.47,7.53,0.6,0.4,,78868.87396201745,78864.0068340434,104.5877,0.0000,0.0000,,,,,,,,,,
21:55:07.747,1777841707.748,292.25,7.75,0.6,0.4,,78868.87396201745,78864.0068340434,104.5877,0.0000,0.0000,,,,,,,,,,
21:55:07.956,1777841707.957,292.04,7.96,0.6,0.4,,78868.87396201745,78864.0068340434,104.5877,0.0000,0.0000,,,,,,,,,,
21:55:08.163,1777841708.164,291.84,8.16,0.58,0.42,,78868.87396201745,78864.0068340434,104.5877,0.0000,0.0000,,,,,,,,,,
21:55:08.384,1777841708.384,291.62,8.38,0.58,0.42,,78868.87396201745,78864.0068340434,104.5877,0.0000,0.0000,,,,,,,,,,
21:55:08.592,1777841708.592,291.41,8.59,0.58,0.42,,78869.64698,78864.0068340434,104.5877,0.0000,0.0000,,,,,,,,,,
21:55:08.811,1777841708.811,291.19,8.81,0.58,0.42,,78869.64698,78864.0068340434,104.5877,0.0000,0.0000,,,,,,,,,,
21:55:09.140,1777841709.140,290.86,9.14,0.58,0.42,,78869.64698,78864.0068340434,104.5877,0.0000,0.0000,,,,,,,,,,
21:55:09.349,1777841709.350,290.65,9.35,0.58,0.42,,78869.64911,78864.0068340434,104.5877,0.0000,0.0000,,,,,,,,,,
21:55:09.561,1777841709.561,290.44,9.56,0.58,0.42,,78869.64911,78864.0068340434,104.5877,0.0000,0.0000,,,,,,,,,,
21:55:09.783,1777841709.784,290.22,9.78,0.58,0.42,,78869.64911,78864.0068340434,104.5877,0.0000,0.0000,,,,,,,,,,
21:55:09.971,1777841709.972,290.03,9.97,0.58,0.42,,78869.64911,78864.0068340434,104.5877,0.0000,0.0000,,,,,,,,,,
21:55:10.183,1777841710.183,289.82,10.18,0.58,0.42,,78869.64911,78864.0068340434,104.5877,0.0000,0.0000,,,,,,,,,,
21:55:10.408,1777841710.409,289.59,10.41,0.58,0.42,,78869.36219386473,78864.0068340434,104.5877,0.0000,0.0000,,,,,,,,,,
21:55:10.639,1777841710.640,289.36,10.64,0.58,0.42,,78869.36219386473,78864.0068340434,104.5877,0.0000,0.0000,,,,,,,,,,
21:55:10.839,1777841710.839,289.16,10.84,0.58,0.42,,78869.36219386473,78864.0068340434,104.5877,0.0000,0.0000,,,,,,,,,,
21:55:11.044,1777841711.044,288.96,11.04,0.58,0.42,,78869.358230216,78864.0068340434,104.5877,0.0000,0.0000,,,,,,,,,,
21:55:11.275,1777841711.275,288.72,11.28,0.58,0.42,,78869.358230216,78864.0068340434,104.5877,0.0000,0.0000,,,,,,,,,,
21:55:11.483,1777841711.484,288.52,11.48,0.58,0.42,,78869.358230216,78864.0068340434,104.5877,0.0000,0.0000,,,,,,,,,,
21:55:11.697,1777841711.698,288.30,11.70,0.58,0.42,,78869.358230216,78864.0068340434,104.5877,0.0000,0.0000,,,,,,,,,,
21:55:11.904,1777841711.904,288.10,11.90,0.58,0.42,,78869.358230216,78864.0068340434,104.5877,0.0000,0.0000,,,,,,,,,,
21:55:12.129,1777841712.129,287.87,12.13,0.58,0.42,,78869.673085,78864.0068340434,104.5877,0.0000,0.0000,,,,,,,,,,
21:55:12.335,1777841712.335,287.66,12.34,0.57,0.43,,78869.673085,78864.0068340434,104.5877,0.0000,0.0000,,,,,,,,,,
21:55:12.549,1777841712.550,287.45,12.55,0.58,0.42,,78869.673085,78864.0068340434,104.5877,0.0000,0.0000,,,,,,,,,,
21:55:13.838,1777841713.838,286.16,13.84,0.58,0.42,,78869.36775786837,78864.0068340434,104.5877,0.0000,0.0000,,,,,,,,,,
21:55:14.028,1777841714.029,285.97,14.03,0.58,0.42,,78869.36775786837,78864.0068340434,104.5877,0.0000,0.0000,,,,,,,,,,
21:55:14.218,1777841714.219,285.78,14.22,0.58,0.42,,78869.36775786837,78864.0068340434,104.5877,0.0000,0.0000,,,,,,,,,,
21:55:14.420,1777841714.421,285.58,14.42,0.58,0.42,,78869.36775786837,78864.0068340434,104.5877,0.0000,0.0000,,,,,,,,,,
21:55:14.609,1777841714.609,285.39,14.61,0.58,0.42,,78869.64175,78864.0068340434,104.5877,0.0000,0.0000,,,,,,,,,,
21:55:14.816,1777841714.817,285.18,14.82,0.58,0.42,,78869.64175,78864.0068340434,104.5877,0.0000,0.0000,,,,,,,,,,
21:55:15.026,1777841715.026,284.97,15.03,0.58,0.42,,78869.64175,78864.0068340434,104.5877,0.0000,0.0000,,,,,,,,,,
21:55:15.027,1777841715.028,284.97,15.03,0.58,0.42,,78869.64175,78864.0068340434,103.5877,1.7241,0.0000,buy,up,1.0000,0.5800,1.7241,78869.64,near +0.0071%,,,
21:55:15.229,1777841715.230,284.77,15.23,0.58,0.42,,78869.64175,78864.0068340434,103.5877,1.7241,0.0000,,,,,,,,,,
21:55:15.440,1777841715.440,284.56,15.44,0.58,0.42,,78869.43689878505,78864.0068340434,103.5877,1.7241,0.0000,,,,,,,,,,
21:55:15.655,1777841715.656,284.34,15.66,0.59,0.41,,78869.43689878505,78864.0068340434,103.5877,1.7241,0.0000,,,,,,,,,,
21:55:15.887,1777841715.887,284.11,15.89,0.59,0.41,,78869.43689878505,78864.0068340434,103.5877,1.7241,0.0000,,,,,,,,,,
21:55:16.079,1777841716.079,283.92,16.08,0.59,0.41,,78869.43689878505,78864.0068340434,103.5877,1.7241,0.0000,,,,,,,,,,
21:55:16.291,1777841716.291,283.71,16.29,0.59,0.41,,78869.43689878505,78864.0068340434,103.5877,1.7241,0.0000,,,,,,,,,,
21:55:16.497,1777841716.497,283.50,16.50,0.59,0.41,,78865.04227,78864.0068340434,103.5877,1.7241,0.0000,,,,,,,,,,
21:55:16.695,1777841716.696,283.30,16.70,0.56,0.44,,78865.04227,78864.0068340434,103.5877,1.7241,0.0000,,,,,,,,,,
21:55:16.916,1777841716.916,283.08,16.92,0.55,0.45,,78865.04227,78864.0068340434,103.5877,1.7241,0.0000,,,,,,,,,,
21:55:17.126,1777841717.127,282.87,17.13,0.55,0.45,,78865.04227,78864.0068340434,103.5877,1.7241,0.0000,,,,,,,,,,
21:55:17.328,1777841717.328,282.67,17.33,0.55,0.45,,78869.35499334174,78864.0068340434,103.5877,1.7241,0.0000,,,,,,,,,,
21:55:17.541,1777841717.541,282.46,17.54,0.55,0.45,,78869.35499334174,78864.0068340434,103.5877,1.7241,0.0000,,,,,,,,,,
21:55:17.772,1777841717.773,282.23,17.77,0.55,0.45,,78869.35499334174,78864.0068340434,103.5877,1.7241,0.0000,,,,,,,,,,
21:55:17.989,1777841717.989,282.01,17.99,0.55,0.45,,78869.35499334174,78864.0068340434,103.5877,1.7241,0.0000,,,,,,,,,,
21:55:18.187,1777841718.188,281.81,18.19,0.56,0.44,,78869.35499334174,78864.0068340434,103.5877,1.7241,0.0000,,,,,,,,,,
21:55:18.406,1777841718.406,281.59,18.41,0.58,0.42,,78868.66617211852,78864.0068340434,103.5877,1.7241,0.0000,,,,,,,,,,
21:55:18.622,1777841718.622,281.38,18.62,0.56,0.44,,78868.66617211852,78864.0068340434,103.5877,1.7241,0.0000,,,,,,,,,,
21:55:18.835,1777841718.836,281.16,18.84,0.56,0.44,,78868.66617211852,78864.0068340434,103.5877,1.7241,0.0000,,,,,,,,,,
21:55:19.059,1777841719.059,280.94,19.06,0.56,0.44,,78868.66617211852,78864.0068340434,103.5877,1.7241,0.0000,,,,,,,,,,
21:55:19.261,1777841719.261,280.74,19.26,0.56,0.44,,78868.66617211852,78864.0068340434,103.5877,1.7241,0.0000,,,,,,,,,,
21:55:19.495,1777841719.495,280.50,19.50,0.56,0.44,,78868.66617211852,78864.0068340434,103.5877,1.7241,0.0000,,,,,,,,,,
21:55:19.732,1777841719.732,280.27,19.73,0.56,0.44,,78868.66617211852,78864.0068340434,103.5877,1.7241,0.0000,,,,,,,,,,
21:55:19.958,1777841719.958,280.04,19.96,0.56,0.44,,78868.66617211852,78864.0068340434,103.5877,1.7241,0.0000,,,,,,,,,,
21:55:20.143,1777841720.144,279.86,20.14,0.56,0.44,,78868.66617211852,78864.0068340434,103.5877,1.7241,0.0000,,,,,,,,,,
21:55:20.354,1777841720.355,279.65,20.35,0.56,0.44,,78868.66617211852,78864.0068340434,103.5877,1.7241,0.0000,,,,,,,,,,
21:55:20.567,1777841720.568,279.43,20.57,0.56,0.44,,78868.66617211852,78864.0068340434,103.5877,1.7241,0.0000,,,,,,,,,,
21:55:20.781,1777841720.782,279.22,20.78,0.56,0.44,,78869.858715,78864.0068340434,103.5877,1.7241,0.0000,,,,,,,,,,
21:55:21.016,1777841721.016,278.98,21.02,0.56,0.44,,78869.858715,78864.0068340434,103.5877,1.7241,0.0000,,,,,,,,,,
21:55:21.208,1777841721.209,278.79,21.21,0.56,0.44,,78869.858715,78864.0068340434,103.5877,1.7241,0.0000,,,,,,,,,,
21:55:21.425,1777841721.425,278.57,21.43,0.56,0.44,,78868.96768013043,78864.0068340434,103.5877,1.7241,0.0000,,,,,,,,,,
21:55:21.637,1777841721.637,278.36,21.64,0.56,0.44,,78868.96768013043,78864.0068340434,103.5877,1.7241,0.0000,,,,,,,,,,
21:55:21.845,1777841721.845,278.15,21.85,0.56,0.44,,78868.96768013043,78864.0068340434,103.5877,1.7241,0.0000,,,,,,,,,,
21:55:22.068,1777841722.068,277.93,22.07,0.56,0.44,,78868.96768013043,78864.0068340434,103.5877,1.7241,0.0000,,,,,,,,,,
21:55:22.270,1777841722.271,277.73,22.27,0.56,0.44,,78868.99418816343,78864.0068340434,103.5877,1.7241,0.0000,,,,,,,,,,
21:55:22.499,1777841722.499,277.50,22.50,0.56,0.44,,78868.99418816343,78864.0068340434,103.5877,1.7241,0.0000,,,,,,,,,,
21:55:22.703,1777841722.703,277.30,22.70,0.56,0.44,,78868.99418816343,78864.0068340434,103.5877,1.7241,0.0000,,,,,,,,,,
21:55:22.918,1777841722.918,277.08,22.92,0.56,0.44,,78868.99418816343,78864.0068340434,103.5877,1.7241,0.0000,,,,,,,,,,
21:55:23.112,1777841723.112,276.89,23.11,0.56,0.44,,78868.99418816343,78864.0068340434,103.5877,1.7241,0.0000,,,,,,,,,,
21:55:23.323,1777841723.323,276.68,23.32,0.56,0.44,,78868.99418816343,78864.0068340434,103.5877,1.7241,0.0000,,,,,,,,,,
21:55:23.534,1777841723.535,276.47,23.53,0.55,0.45,,78864.18673185828,78864.0068340434,103.5877,1.7241,0.0000,,,,,,,,,,
21:55:23.750,1777841723.751,276.25,23.75,0.55,0.45,,78864.18673185828,78864.0068340434,103.5877,1.7241,0.0000,,,,,,,,,,
21:55:23.958,1777841723.958,276.04,23.96,0.55,0.45,,78864.18673185828,78864.0068340434,103.5877,1.7241,0.0000,,,,,,,,,,
21:55:24.183,1777841724.184,275.82,24.18,0.55,0.45,,78864.18673185828,78864.0068340434,103.5877,1.7241,0.0000,,,,,,,,,,
21:55:24.413,1777841724.413,275.59,24.41,0.55,0.45,,78864.18673185828,78864.0068340434,103.5877,1.7241,0.0000,,,,,,,,,,
21:55:24.611,1777841724.612,275.39,24.61,0.55,0.45,,78864.18673185828,78864.0068340434,103.5877,1.7241,0.0000,,,,,,,,,,
21:55:24.810,1777841724.810,275.19,24.81,0.56,0.44,,78864.18673185828,78864.0068340434,103.5877,1.7241,0.0000,,,,,,,,,,
21:55:25.031,1777841725.032,274.97,25.03,0.56,0.44,,78864.18673185828,78864.0068340434,103.5877,1.7241,0.0000,,,,,,,,,,
21:55:25.235,1777841725.235,274.76,25.24,0.56,0.44,,78864.18673185828,78864.0068340434,103.5877,1.7241,0.0000,,,,,,,,,,
21:55:25.455,1777841725.455,274.54,25.46,0.56,0.44,,78869.73272682365,78864.0068340434,103.5877,1.7241,0.0000,,,,,,,,,,
21:55:25.682,1777841725.682,274.32,25.68,0.56,0.44,,78869.73272682365,78864.0068340434,103.5877,1.7241,0.0000,,,,,,,,,,
21:55:25.889,1777841725.889,274.11,25.89,0.56,0.44,,78869.73272682365,78864.0068340434,103.5877,1.7241,0.0000,,,,,,,,,,
21:55:26.098,1777841726.099,273.90,26.10,0.56,0.44,,78869.21029872452,78864.0068340434,103.5877,1.7241,0.0000,,,,,,,,,,
21:55:26.314,1777841726.315,273.69,26.31,0.56,0.44,,78869.21029872452,78864.0068340434,103.5877,1.7241,0.0000,,,,,,,,,,
21:55:26.515,1777841726.515,273.48,26.52,0.56,0.44,,78869.21029872452,78864.0068340434,103.5877,1.7241,0.0000,,,,,,,,,,
21:55:26.736,1777841726.736,273.26,26.74,0.56,0.44,,78869.21029872452,78864.0068340434,103.5877,1.7241,0.0000,,,,,,,,,,
21:55:26.958,1777841726.959,273.04,26.96,0.56,0.44,,78869.21029872452,78864.0068340434,103.5877,1.7241,0.0000,,,,,,,,,,
21:55:27.173,1777841727.174,272.83,27.17,0.56,0.44,,78863.79460111457,78864.0068340434,103.5877,1.7241,0.0000,,,,,,,,,,
21:55:27.382,1777841727.381,272.62,27.38,0.56,0.44,,78863.79460111457,78864.0068340434,103.5877,1.7241,0.0000,,,,,,,,,,
21:55:27.618,1777841727.619,272.38,27.62,0.56,0.44,,78863.79460111457,78864.0068340434,103.5877,1.7241,0.0000,,,,,,,,,,
21:55:27.833,1777841727.833,272.17,27.83,0.56,0.44,,78863.79460111457,78864.0068340434,103.5877,1.7241,0.0000,,,,,,,,,,
21:55:28.044,1777841728.044,271.96,28.04,0.56,0.44,,78863.79460111457,78864.0068340434,103.5877,1.7241,0.0000,,,,,,,,,,
21:55:28.239,1777841728.239,271.76,28.24,0.57,0.43,,78863.79460111457,78864.0068340434,103.5877,1.7241,0.0000,,,,,,,,,,
21:55:28.455,1777841728.455,271.54,28.46,0.57,0.43,,78863.79460111457,78864.0068340434,103.5877,1.7241,0.0000,,,,,,,,,,
21:55:28.678,1777841728.678,271.32,28.68,0.57,0.43,,78869.35877287053,78864.0068340434,103.5877,1.7241,0.0000,,,,,,,,,,
21:55:28.895,1777841728.896,271.10,28.90,0.57,0.43,,78869.35877287053,78864.0068340434,103.5877,1.7241,0.0000,,,,,,,,,,
21:55:29.111,1777841729.112,270.89,29.11,0.57,0.43,,78869.35877287053,78864.0068340434,103.5877,1.7241,0.0000,,,,,,,,,,
21:55:29.321,1777841729.322,270.68,29.32,0.57,0.43,,78869.35877287053,78864.0068340434,103.5877,1.7241,0.0000,,,,,,,,,,
21:55:29.537,1777841729.538,270.46,29.54,0.57,0.43,,78869.35877287053,78864.0068340434,103.5877,1.7241,0.0000,,,,,,,,,,
21:55:29.757,1777841729.758,270.24,29.76,0.57,0.43,,78869.74134445893,78864.0068340434,103.5877,1.7241,0.0000,,,,,,,,,,
21:55:29.964,1777841729.964,270.04,29.96,0.57,0.43,,78869.74134445893,78864.0068340434,103.5877,1.7241,0.0000,,,,,,,,,,
21:55:30.173,1777841730.173,269.83,30.17,0.57,0.43,,78869.74134445893,78864.0068340434,103.5877,1.7241,0.0000,,,,,,,,,,
21:55:30.394,1777841730.394,269.61,30.39,0.57,0.43,,78869.371170334,78864.0068340434,103.5877,1.7241,0.0000,,,,,,,,,,
21:55:30.625,1777841730.625,269.37,30.63,0.57,0.43,,78869.371170334,78864.0068340434,103.5877,1.7241,0.0000,,,,,,,,,,
21:55:30.837,1777841730.838,269.16,30.84,0.57,0.43,,78869.371170334,78864.0068340434,103.5877,1.7241,0.0000,,,,,,,,,,
21:55:31.029,1777841731.029,268.97,31.03,0.57,0.43,,78869.371170334,78864.0068340434,103.5877,1.7241,0.0000,,,,,,,,,,
21:55:31.253,1777841731.253,268.75,31.25,0.57,0.43,,78869.371170334,78864.0068340434,103.5877,1.7241,0.0000,,,,,,,,,,
21:55:31.480,1777841731.481,268.52,31.48,0.57,0.43,,78869.371170334,78864.0068340434,103.5877,1.7241,0.0000,,,,,,,,,,
21:55:31.688,1777841731.689,268.31,31.69,0.57,0.43,,78869.371170334,78864.0068340434,103.5877,1.7241,0.0000,,,,,,,,,,
21:55:31.905,1777841731.905,268.09,31.91,0.57,0.43,,78869.30423282119,78864.0068340434,103.5877,1.7241,0.0000,,,,,,,,,,
21:55:32.119,1777841732.119,267.88,32.12,0.57,0.43,,78869.30423282119,78864.0068340434,103.5877,1.7241,0.0000,,,,,,,,,,
21:55:32.315,1777841732.315,267.68,32.32,0.57,0.43,,78869.30423282119,78864.0068340434,103.5877,1.7241,0.0000,,,,,,,,,,
21:55:32.532,1777841732.532,267.47,32.53,0.58,0.42,,78863.99778569338,78864.0068340434,103.5877,1.7241,0.0000,,,,,,,,,,
21:55:32.742,1777841732.743,267.26,32.74,0.58,0.42,,78863.99778569338,78864.0068340434,103.5877,1.7241,0.0000,,,,,,,,,,
21:55:32.964,1777841732.965,267.04,32.96,0.58,0.42,,78863.99778569338,78864.0068340434,103.5877,1.7241,0.0000,,,,,,,,,,
21:55:33.177,1777841733.177,266.82,33.18,0.58,0.42,,78863.99785648906,78864.0068340434,103.5877,1.7241,0.0000,,,,,,,,,,
21:55:33.396,1777841733.397,266.60,33.40,0.58,0.42,,78863.99785648906,78864.0068340434,103.5877,1.7241,0.0000,,,,,,,,,,
21:55:33.585,1777841733.586,266.41,33.59,0.58,0.42,,78863.99785648906,78864.0068340434,103.5877,1.7241,0.0000,,,,,,,,,,
21:55:33.783,1777841733.783,266.22,33.78,0.58,0.42,,78863.99785648906,78864.0068340434,103.5877,1.7241,0.0000,,,,,,,,,,
21:55:34.013,1777841734.013,265.99,34.01,0.57,0.43,,78863.99785648906,78864.0068340434,103.5877,1.7241,0.0000,,,,,,,,,,
21:55:34.222,1777841734.222,265.78,34.22,0.57,0.43,,78863.99785648906,78864.0068340434,103.5877,1.7241,0.0000,,,,,,,,,,
21:55:34.447,1777841734.448,265.55,34.45,0.57,0.43,,78863.99785648906,78864.0068340434,103.5877,1.7241,0.0000,,,,,,,,,,
21:55:34.670,1777841734.670,265.33,34.67,0.57,0.43,,78863.99785648906,78864.0068340434,103.5877,1.7241,0.0000,,,,,,,,,,
21:55:34.882,1777841734.882,265.12,34.88,0.57,0.43,,78869.26970312349,78864.0068340434,103.5877,1.7241,0.0000,,,,,,,,,,
21:55:35.091,1777841735.091,264.91,35.09,0.57,0.43,,78869.26970312349,78864.0068340434,103.5877,1.7241,0.0000,,,,,,,,,,
21:55:35.316,1777841735.316,264.68,35.32,0.57,0.43,,78868.24087666757,78864.0068340434,103.5877,1.7241,0.0000,,,,,,,,,,
21:55:35.549,1777841735.550,264.45,35.55,0.57,0.43,,78868.24087666757,78864.0068340434,103.5877,1.7241,0.0000,,,,,,,,,,
21:55:35.760,1777841735.761,264.24,35.76,0.57,0.43,,78868.24087666757,78864.0068340434,103.5877,1.7241,0.0000,,,,,,,,,,
21:55:35.978,1777841735.979,264.02,35.98,0.56,0.44,,78868.24087666757,78864.0068340434,103.5877,1.7241,0.0000,,,,,,,,,,
21:55:36.192,1777841736.192,263.81,36.19,0.57,0.43,,78868.24087666757,78864.0068340434,103.5877,1.7241,0.0000,,,,,,,,,,
21:55:36.398,1777841736.399,263.60,36.40,0.57,0.43,,78868.24131817825,78864.0068340434,103.5877,1.7241,0.0000,,,,,,,,,,
21:55:36.620,1777841736.621,263.38,36.62,0.57,0.43,,78868.24131817825,78864.0068340434,103.5877,1.7241,0.0000,,,,,,,,,,
21:55:36.837,1777841736.837,263.16,36.84,0.57,0.43,,78868.24131817825,78864.0068340434,103.5877,1.7241,0.0000,,,,,,,,,,
21:55:37.063,1777841737.064,262.94,37.06,0.57,0.43,,78868.24131817825,78864.0068340434,103.5877,1.7241,0.0000,,,,,,,,,,
21:55:37.285,1777841737.286,262.71,37.29,0.57,0.43,,78868.24131817825,78864.0068340434,103.5877,1.7241,0.0000,,,,,,,,,,
21:55:37.499,1777841737.500,262.50,37.50,0.57,0.43,,78868.26800418281,78864.0068340434,103.5877,1.7241,0.0000,,,,,,,,,,
21:55:37.713,1777841737.714,262.29,37.71,0.56,0.44,,78868.26800418281,78864.0068340434,103.5877,1.7241,0.0000,,,,,,,,,,
21:55:37.936,1777841737.937,262.06,37.94,0.56,0.44,,78868.26800418281,78864.0068340434,103.5877,1.7241,0.0000,,,,,,,,,,
21:55:38.134,1777841738.135,261.87,38.13,0.56,0.44,,78868.26800418281,78864.0068340434,103.5877,1.7241,0.0000,,,,,,,,,,
21:55:38.348,1777841738.349,261.65,38.35,0.56,0.44,,78869.21749987097,78864.0068340434,103.5877,1.7241,0.0000,,,,,,,,,,
21:55:38.571,1777841738.572,261.43,38.57,0.56,0.44,,78869.21749987097,78864.0068340434,103.5877,1.7241,0.0000,,,,,,,,,,
21:55:38.756,1777841738.757,261.24,38.76,0.56,0.44,,78869.21749987097,78864.0068340434,103.5877,1.7241,0.0000,,,,,,,,,,
21:55:38.961,1777841738.961,261.04,38.96,0.56,0.44,,78869.21749987097,78864.0068340434,103.5877,1.7241,0.0000,,,,,,,,,,
21:55:39.175,1777841739.176,260.82,39.18,0.56,0.44,,78869.21749987097,78864.0068340434,103.5877,1.7241,0.0000,,,,,,,,,,
21:55:39.370,1777841739.370,260.63,39.37,0.56,0.44,,78869.21420620357,78864.0068340434,103.5877,1.7241,0.0000,,,,,,,,,,
21:55:39.595,1777841739.595,260.40,39.60,0.56,0.44,,78869.21420620357,78864.0068340434,103.5877,1.7241,0.0000,,,,,,,,,,
21:55:39.814,1777841739.814,260.19,39.81,0.56,0.44,,78869.21420620357,78864.0068340434,103.5877,1.7241,0.0000,,,,,,,,,,
21:55:40.046,1777841740.046,259.95,40.05,0.56,0.44,,78869.21420620357,78864.0068340434,103.5877,1.7241,0.0000,,,,,,,,,,
21:55:40.251,1777841740.251,259.75,40.25,0.56,0.44,,78869.21420620357,78864.0068340434,103.5877,1.7241,0.0000,,,,,,,,,,
21:55:40.474,1777841740.474,259.53,40.47,0.56,0.44,,78869.87665,78864.0068340434,103.5877,1.7241,0.0000,,,,,,,,,,
21:55:40.681,1777841740.682,259.32,40.68,0.56,0.44,,78869.87665,78864.0068340434,103.5877,1.7241,0.0000,,,,,,,,,,
21:55:40.901,1777841740.901,259.10,40.90,0.56,0.44,,78869.87665,78864.0068340434,103.5877,1.7241,0.0000,,,,,,,,,,
21:55:41.109,1777841741.109,258.89,41.11,0.56,0.44,,78869.87665,78864.0068340434,103.5877,1.7241,0.0000,,,,,,,,,,
21:55:41.305,1777841741.305,258.69,41.31,0.56,0.44,,78869.883945,78864.0068340434,103.5877,1.7241,0.0000,,,,,,,,,,
21:55:41.490,1777841741.491,258.51,41.49,0.56,0.44,,78869.883945,78864.0068340434,103.5877,1.7241,0.0000,,,,,,,,,,
21:55:41.709,1777841741.710,258.29,41.71,0.56,0.44,,78869.883945,78864.0068340434,103.5877,1.7241,0.0000,,,,,,,,,,
21:55:41.926,1777841741.926,258.07,41.93,0.56,0.44,,78869.883945,78864.0068340434,103.5877,1.7241,0.0000,,,,,,,,,,
21:55:42.150,1777841742.151,257.85,42.15,0.57,0.43,,78869.883945,78864.0068340434,103.5877,1.7241,0.0000,,,,,,,,,,
21:55:42.343,1777841742.344,257.66,42.34,0.57,0.43,,78869.883945,78864.0068340434,103.5877,1.7241,0.0000,,,,,,,,,,
21:55:42.556,1777841742.556,257.44,42.56,0.57,0.43,,78869.21538514188,78864.0068340434,103.5877,1.7241,0.0000,,,,,,,,,,
21:55:42.751,1777841742.752,257.25,42.75,0.57,0.43,,78869.21538514188,78864.0068340434,103.5877,1.7241,0.0000,,,,,,,,,,
21:55:42.975,1777841742.975,257.02,42.98,0.57,0.43,,78869.21538514188,78864.0068340434,103.5877,1.7241,0.0000,,,,,,,,,,
21:55:43.190,1777841743.190,256.81,43.19,0.57,0.43,,78869.21538514188,78864.0068340434,103.5877,1.7241,0.0000,,,,,,,,,,
21:55:43.410,1777841743.410,256.59,43.41,0.57,0.43,,78869.21538514188,78864.0068340434,103.5877,1.7241,0.0000,,,,,,,,,,
21:55:43.609,1777841743.609,256.39,43.61,0.57,0.43,,78869.22169274527,78864.0068340434,103.5877,1.7241,0.0000,,,,,,,,,,
21:55:43.835,1777841743.836,256.16,43.84,0.57,0.43,,78869.22169274527,78864.0068340434,103.5877,1.7241,0.0000,,,,,,,,,,
21:55:44.047,1777841744.047,255.95,44.05,0.57,0.43,,78869.18964971491,78864.0068340434,103.5877,1.7241,0.0000,,,,,,,,,,
21:55:44.255,1777841744.255,255.74,44.26,0.57,0.43,,78869.18964971491,78864.0068340434,103.5877,1.7241,0.0000,,,,,,,,,,
21:55:44.457,1777841744.457,255.54,44.46,0.57,0.43,,78869.18964971491,78864.0068340434,103.5877,1.7241,0.0000,,,,,,,,,,
21:55:44.664,1777841744.664,255.34,44.66,0.57,0.43,,78869.18964971491,78864.0068340434,103.5877,1.7241,0.0000,,,,,,,,,,
21:55:44.868,1777841744.869,255.13,44.87,0.57,0.43,,78869.18964971491,78864.0068340434,103.5877,1.7241,0.0000,,,,,,,,,,
21:55:45.078,1777841745.078,254.92,45.08,0.57,0.43,,78869.18563971491,78864.0068340434,103.5877,1.7241,0.0000,,,,,,,,,,
21:55:45.079,1777841745.079,254.92,45.08,0.57,0.43,,78869.18563971491,78864.0068340434,102.5877,3.4785,0.0000,buy,up,1.0000,0.5700,1.7544,78869.19,near +0.0066%,,,
21:55:45.285,1777841745.285,254.71,45.29,0.56,0.44,,78869.18563971491,78864.0068340434,102.5877,3.4785,0.0000,,,,,,,,,,
21:55:45.485,1777841745.486,254.51,45.49,0.56,0.44,,78869.18563971491,78864.0068340434,102.5877,3.4785,0.0000,,,,,,,,,,
21:55:45.680,1777841745.681,254.32,45.68,0.56,0.44,,78869.18563971491,78864.0068340434,102.5877,3.4785,0.0000,,,,,,,,,,
21:55:45.900,1777841745.901,254.10,45.90,0.56,0.44,,78869.18563971491,78864.0068340434,102.5877,3.4785,0.0000,,,,,,,,,,
21:55:46.132,1777841746.131,253.87,46.13,0.56,0.44,,78868.9813606336,78864.0068340434,102.5877,3.4785,0.0000,,,,,,,,,,
21:55:46.357,1777841746.357,253.64,46.36,0.55,0.45,,78868.9813606336,78864.0068340434,102.5877,3.4785,0.0000,,,,,,,,,,
21:55:46.582,1777841746.583,253.42,46.58,0.56,0.44,,78868.9813606336,78864.0068340434,102.5877,3.4785,0.0000,,,,,,,,,,
21:55:46.784,1777841746.784,253.22,46.78,0.56,0.44,,78868.9813606336,78864.0068340434,102.5877,3.4785,0.0000,,,,,,,,,,
21:55:47.020,1777841747.020,252.98,47.02,0.56,0.44,,78868.9813606336,78864.0068340434,102.5877,3.4785,0.0000,,,,,,,,,,
21:55:47.225,1777841747.225,252.77,47.23,0.58,0.42,,78868.97716554767,78864.0068340434,102.5877,3.4785,0.0000,,,,,,,,,,
21:55:47.449,1777841747.450,252.55,47.45,0.58,0.42,,78868.97716554767,78864.0068340434,102.5877,3.4785,0.0000,,,,,,,,,,
21:55:47.660,1777841747.660,252.34,47.66,0.58,0.42,,78868.97716554767,78864.0068340434,102.5877,3.4785,0.0000,,,,,,,,,,
21:55:47.858,1777841747.858,252.14,47.86,0.58,0.42,,78868.97716554767,78864.0068340434,102.5877,3.4785,0.0000,,,,,,,,,,
21:55:48.072,1777841748.073,251.93,48.07,0.58,0.42,,78868.97716554767,78864.0068340434,102.5877,3.4785,0.0000,,,,,,,,,,
21:55:48.285,1777841748.286,251.71,48.29,0.58,0.42,,78869.02427312241,78864.0068340434,102.5877,3.4785,0.0000,,,,,,,,,,
21:55:48.486,1777841748.486,251.51,48.49,0.58,0.42,,78869.02427312241,78864.0068340434,102.5877,3.4785,0.0000,,,,,,,,,,
21:55:48.718,1777841748.719,251.28,48.72,0.58,0.42,,78869.02427312241,78864.0068340434,102.5877,3.4785,0.0000,,,,,,,,,,
21:55:48.944,1777841748.945,251.06,48.94,0.58,0.42,,78869.02427312241,78864.0068340434,102.5877,3.4785,0.0000,,,,,,,,,,
21:55:49.138,1777841749.138,250.86,49.14,0.58,0.42,,78869.02427312241,78864.0068340434,102.5877,3.4785,0.0000,,,,,,,,,,
21:55:49.358,1777841749.358,250.64,49.36,0.58,0.42,,78869.831995,78864.0068340434,102.5877,3.4785,0.0000,,,,,,,,,,
21:55:49.575,1777841749.575,250.42,49.58,0.58,0.42,,78869.831995,78864.0068340434,102.5877,3.4785,0.0000,,,,,,,,,,
21:55:49.797,1777841749.798,250.20,49.80,0.58,0.42,,78869.831995,78864.0068340434,102.5877,3.4785,0.0000,,,,,,,,,,
21:55:50.027,1777841750.026,249.97,50.03,0.58,0.42,,78869.831995,78864.0068340434,102.5877,3.4785,0.0000,,,,,,,,,,
21:55:50.230,1777841750.231,249.77,50.23,0.58,0.42,,78869.831995,78864.0068340434,102.5877,3.4785,0.0000,,,,,,,,,,
21:55:50.450,1777841750.450,249.55,50.45,0.58,0.42,,78869.803385,78864.0068340434,102.5877,3.4785,0.0000,,,,,,,,,,
21:55:50.662,1777841750.663,249.34,50.66,0.58,0.42,,78869.803385,78864.0068340434,102.5877,3.4785,0.0000,,,,,,,,,,
21:55:50.859,1777841750.859,249.14,50.86,0.58,0.42,,78869.803385,78864.0068340434,102.5877,3.4785,0.0000,,,,,,,,,,
21:55:51.059,1777841751.060,248.94,51.06,0.58,0.42,,78869.803385,78864.0068340434,102.5877,3.4785,0.0000,,,,,,,,,,
21:55:51.265,1777841751.265,248.73,51.27,0.58,0.42,,78869.803385,78864.0068340434,102.5877,3.4785,0.0000,,,,,,,,,,
21:55:51.470,1777841751.471,248.53,51.47,0.58,0.42,,78869.09768858469,78864.0068340434,102.5877,3.4785,0.0000,,,,,,,,,,
21:55:51.682,1777841751.682,248.32,51.68,0.58,0.42,,78869.09768858469,78864.0068340434,102.5877,3.4785,0.0000,,,,,,,,,,
21:55:51.898,1777841751.899,248.10,51.90,0.58,0.42,,78869.09768858469,78864.0068340434,102.5877,3.4785,0.0000,,,,,,,,,,
21:55:52.098,1777841752.098,247.90,52.10,0.58,0.42,,78869.09768858469,78864.0068340434,102.5877,3.4785,0.0000,,,,,,,,,,
21:55:52.295,1777841752.296,247.70,52.30,0.58,0.42,,78869.09768858469,78864.0068340434,102.5877,3.4785,0.0000,,,,,,,,,,
21:55:52.501,1777841752.501,247.50,52.50,0.58,0.42,,78868.25893182101,78864.0068340434,102.5877,3.4785,0.0000,,,,,,,,,,
21:55:52.737,1777841752.738,247.26,52.74,0.58,0.42,,78868.25893182101,78864.0068340434,102.5877,3.4785,0.0000,,,,,,,,,,
21:55:52.963,1777841752.964,247.04,52.96,0.58,0.42,,78868.25893182101,78864.0068340434,102.5877,3.4785,0.0000,,,,,,,,,,
21:55:53.157,1777841753.157,246.84,53.16,0.58,0.42,,78868.25893182101,78864.0068340434,102.5877,3.4785,0.0000,,,,,,,,,,
21:55:53.377,1777841753.377,246.62,53.38,0.58,0.42,,78868.95632789214,78864.0068340434,102.5877,3.4785,0.0000,,,,,,,,,,
21:55:53.577,1777841753.578,246.42,53.58,0.58,0.42,,78868.95632789214,78864.0068340434,102.5877,3.4785,0.0000,,,,,,,,,,
21:55:53.784,1777841753.785,246.22,53.78,0.58,0.42,,78868.95632789214,78864.0068340434,102.5877,3.4785,0.0000,,,,,,,,,,
21:55:54.004,1777841754.005,246.00,54.00,0.58,0.42,,78868.95632789214,78864.0068340434,102.5877,3.4785,0.0000,,,,,,,,,,
21:55:54.224,1777841754.224,245.78,54.22,0.58,0.42,,78868.95632789214,78864.0068340434,102.5877,3.4785,0.0000,,,,,,,,,,
21:55:54.433,1777841754.433,245.57,54.43,0.58,0.42,,78868.96515477462,78864.0068340434,102.5877,3.4785,0.0000,,,,,,,,,,
21:55:54.638,1777841754.638,245.36,54.64,0.59,0.41,,78868.96515477462,78864.0068340434,102.5877,3.4785,0.0000,,,,,,,,,,
21:55:54.835,1777841754.835,245.16,54.84,0.59,0.41,,78868.96515477462,78864.0068340434,102.5877,3.4785,0.0000,,,,,,,,,,
21:55:55.049,1777841755.050,244.95,55.05,0.59,0.41,,78868.96515477462,78864.0068340434,102.5877,3.4785,0.0000,,,,,,,,,,
21:55:55.242,1777841755.242,244.76,55.24,0.59,0.41,,78868.96515477462,78864.0068340434,102.5877,3.4785,0.0000,,,,,,,,,,
21:55:55.448,1777841755.449,244.55,55.45,0.59,0.41,,78868.98407258299,78864.0068340434,102.5877,3.4785,0.0000,,,,,,,,,,
21:55:55.670,1777841755.671,244.33,55.67,0.59,0.41,,78868.98407258299,78864.0068340434,102.5877,3.4785,0.0000,,,,,,,,,,
21:55:55.876,1777841755.876,244.12,55.88,0.59,0.41,,78868.98407258299,78864.0068340434,102.5877,3.4785,0.0000,,,,,,,,,,
21:55:56.097,1777841756.097,243.90,56.10,0.59,0.41,,78868.98407258299,78864.0068340434,102.5877,3.4785,0.0000,,,,,,,,,,
21:55:56.310,1777841756.311,243.69,56.31,0.59,0.41,,78868.98407258299,78864.0068340434,102.5877,3.4785,0.0000,,,,,,,,,,
21:55:56.531,1777841756.531,243.47,56.53,0.59,0.41,,78869.21826817507,78864.0068340434,102.5877,3.4785,0.0000,,,,,,,,,,
21:55:56.737,1777841756.737,243.26,56.74,0.59,0.41,,78869.21826817507,78864.0068340434,102.5877,3.4785,0.0000,,,,,,,,,,
21:55:56.952,1777841756.953,243.05,56.95,0.59,0.41,,78869.21826817507,78864.0068340434,102.5877,3.4785,0.0000,,,,,,,,,,
21:55:57.148,1777841757.149,242.85,57.15,0.6,0.4,,78869.21206817507,78864.0068340434,102.5877,3.4785,0.0000,,,,,,,,,,
21:55:57.346,1777841757.347,242.65,57.35,0.6,0.4,,78869.21206817507,78864.0068340434,102.5877,3.4785,0.0000,,,,,,,,,,
21:55:57.538,1777841757.538,242.46,57.54,0.6,0.4,,78869.21206817507,78864.0068340434,102.5877,3.4785,0.0000,,,,,,,,,,
21:55:57.738,1777841757.738,242.26,57.74,0.6,0.4,,78869.21206817507,78864.0068340434,102.5877,3.4785,0.0000,,,,,,,,,,
21:55:57.958,1777841757.959,242.04,57.96,0.6,0.4,,78869.21206817507,78864.0068340434,102.5877,3.4785,0.0000,,,,,,,,,,
21:55:58.146,1777841758.147,241.85,58.15,0.6,0.4,,78868.41544380058,78864.0068340434,102.5877,3.4785,0.0000,,,,,,,,,,
21:55:58.350,1777841758.351,241.65,58.35,0.6,0.4,,78868.41544380058,78864.0068340434,102.5877,3.4785,0.0000,,,,,,,,,,
21:55:58.539,1777841758.540,241.46,58.54,0.61,0.39,,78868.41544380058,78864.0068340434,102.5877,3.4785,0.0000,,,,,,,,,,
21:55:58.763,1777841758.763,241.24,58.76,0.61,0.39,,78868.41544380058,78864.0068340434,102.5877,3.4785,0.0000,,,,,,,,,,
21:55:58.988,1777841758.988,241.01,58.99,0.61,0.39,,78868.41544380058,78864.0068340434,102.5877,3.4785,0.0000,,,,,,,,,,
21:55:59.286,1777841759.286,240.71,59.29,0.61,0.39,,78868.41544380058,78864.0068340434,102.5877,3.4785,0.0000,,,,,,,,,,
21:55:59.535,1777841759.536,240.46,59.54,0.61,0.39,,78869.17834095636,78864.0068340434,102.5877,3.4785,0.0000,,,,,,,,,,
21:55:59.794,1777841759.794,240.21,59.79,0.61,0.39,,78869.17834095636,78864.0068340434,102.5877,3.4785,0.0000,,,,,,,,,,
21:56:00.086,1777841760.086,239.91,60.09,0.61,0.39,,78869.17834095636,78864.0068340434,102.5877,3.4785,0.0000,,,,,,,,,,
21:56:00.365,1777841760.365,239.63,60.37,0.61,0.39,,78869.19255156368,78864.0068340434,102.5877,3.4785,0.0000,,,,,,,,,,
21:56:00.637,1777841760.638,239.36,60.64,0.61,0.39,,78869.19255156368,78864.0068340434,102.5877,3.4785,0.0000,,,,,,,,,,
21:56:00.908,1777841760.909,239.09,60.91,0.61,0.39,,78869.19255156368,78864.0068340434,102.5877,3.4785,0.0000,,,,,,,,,,
21:56:01.182,1777841761.182,238.82,61.18,0.61,0.39,,78869.19255156368,78864.0068340434,102.5877,3.4785,0.0000,,,,,,,,,,
21:56:01.384,1777841761.385,238.62,61.38,0.61,0.39,,78869.19255156368,78864.0068340434,102.5877,3.4785,0.0000,,,,,,,,,,
21:56:01.601,1777841761.602,238.40,61.60,0.61,0.39,,78869.19255156368,78864.0068340434,102.5877,3.4785,0.0000,,,,,,,,,,
21:56:01.810,1777841761.810,238.19,61.81,0.61,0.39,,78869.22778213477,78864.0068340434,102.5877,3.4785,0.0000,,,,,,,,,,
21:56:02.012,1777841762.012,237.99,62.01,0.61,0.39,,78869.22778213477,78864.0068340434,102.5877,3.4785,0.0000,,,,,,,,,,
21:56:02.230,1777841762.231,237.77,62.23,0.61,0.39,,78869.22778213477,78864.0068340434,102.5877,3.4785,0.0000,,,,,,,,,,
21:56:02.430,1777841762.430,237.57,62.43,0.61,0.39,,78869.22778213477,78864.0068340434,102.5877,3.4785,0.0000,,,,,,,,,,
21:56:02.637,1777841762.638,237.36,62.64,0.61,0.39,,78869.23038855585,78864.0068340434,102.5877,3.4785,0.0000,,,,,,,,,,
21:56:02.859,1777841762.860,237.14,62.86,0.66,0.34,,78869.23038855585,78864.0068340434,102.5877,3.4785,0.0000,,,,,,,,,,
21:56:03.081,1777841763.082,236.92,63.08,0.66,0.34,,78869.23038855585,78864.0068340434,102.5877,3.4785,0.0000,,,,,,,,,,
21:56:03.302,1777841763.303,236.70,63.30,0.72,0.28,,78869.23038855585,78864.0068340434,102.5877,3.4785,0.0000,,,,,,,,,,
21:56:03.504,1777841763.504,236.50,63.50,0.72,0.28,,78869.24743240136,78864.0068340434,102.5877,3.4785,0.0000,,,,,,,,,,
21:56:03.714,1777841763.714,236.29,63.71,0.72,0.28,,78869.24743240136,78864.0068340434,102.5877,3.4785,0.0000,,,,,,,,,,
21:56:03.922,1777841763.922,236.08,63.92,0.72,0.28,,78869.24743240136,78864.0068340434,102.5877,3.4785,0.0000,,,,,,,,,,
21:56:04.115,1777841764.115,235.88,64.12,0.72,0.28,,78869.24743240136,78864.0068340434,102.5877,3.4785,0.0000,,,,,,,,,,
21:56:04.331,1777841764.331,235.67,64.33,0.72,0.28,,78869.24743240136,78864.0068340434,102.5877,3.4785,0.0000,,,,,,,,,,
21:56:04.548,1777841764.549,235.45,64.55,0.71,0.29,,78869.24743240136,78864.0068340434,102.5877,3.4785,0.0000,,,,,,,,,,
21:56:04.776,1777841764.776,235.22,64.78,0.74,0.26,,78881.05897985153,78864.0068340434,102.5877,3.4785,0.0000,,,,,,,,,,
21:56:04.978,1777841764.978,235.02,64.98,0.74,0.26,,78881.05897985153,78864.0068340434,102.5877,3.4785,0.0000,,,,,,,,,,
21:56:05.188,1777841765.189,234.81,65.19,0.74,0.26,,78881.05897985153,78864.0068340434,102.5877,3.4785,0.0000,,,,,,,,,,
21:56:05.414,1777841765.415,234.59,65.41,0.74,0.26,,78880.42091686444,78864.0068340434,102.5877,3.4785,0.0000,,,,,,,,,,
21:56:05.629,1777841765.630,234.37,65.63,0.74,0.26,,78880.42091686444,78864.0068340434,102.5877,3.4785,0.0000,,,,,,,,,,
21:56:05.841,1777841765.842,234.16,65.84,0.74,0.26,,78880.42091686444,78864.0068340434,102.5877,3.4785,0.0000,,,,,,,,,,
21:56:06.037,1777841766.038,233.96,66.04,0.74,0.26,,78880.42091686444,78864.0068340434,102.5877,3.4785,0.0000,,,,,,,,,,
21:56:06.250,1777841766.251,233.75,66.25,0.74,0.26,,78880.42091686444,78864.0068340434,102.5877,3.4785,0.0000,,,,,,,,,,
21:56:06.465,1777841766.466,233.53,66.47,0.74,0.26,,78880.42091686444,78864.0068340434,102.5877,3.4785,0.0000,,,,,,,,,,
21:56:06.673,1777841766.673,233.33,66.67,0.74,0.26,,78880.42091686444,78864.0068340434,102.5877,3.4785,0.0000,,,,,,,,,,
21:56:06.889,1777841766.889,233.11,66.89,0.74,0.26,,78882.25680105298,78864.0068340434,102.5877,3.4785,0.0000,,,,,,,,,,
21:56:07.102,1777841767.102,232.90,67.10,0.74,0.26,,78882.25680105298,78864.0068340434,102.5877,3.4785,0.0000,,,,,,,,,,
21:56:07.318,1777841767.319,232.68,67.32,0.74,0.26,,78882.25680105298,78864.0068340434,102.5877,3.4785,0.0000,,,,,,,,,,
21:56:07.521,1777841767.521,232.48,67.52,0.74,0.26,,78875.9362255794,78864.0068340434,102.5877,3.4785,0.0000,,,,,,,,,,
21:56:07.742,1777841767.742,232.26,67.74,0.74,0.26,,78875.9362255794,78864.0068340434,102.5877,3.4785,0.0000,,,,,,,,,,
21:56:07.963,1777841767.964,232.04,67.96,0.74,0.26,,78875.9362255794,78864.0068340434,102.5877,3.4785,0.0000,,,,,,,,,,
21:56:08.158,1777841768.159,231.84,68.16,0.74,0.26,,78875.9362255794,78864.0068340434,102.5877,3.4785,0.0000,,,,,,,,,,
21:56:08.376,1777841768.377,231.62,68.38,0.74,0.26,,78875.9362255794,78864.0068340434,102.5877,3.4785,0.0000,,,,,,,,,,
21:56:08.589,1777841768.589,231.41,68.59,0.74,0.26,,78882.84990270104,78864.0068340434,102.5877,3.4785,0.0000,,,,,,,,,,
21:56:08.794,1777841768.794,231.21,68.79,0.74,0.26,,78882.84990270104,78864.0068340434,102.5877,3.4785,0.0000,,,,,,,,,,
21:56:09.001,1777841769.002,231.00,69.00,0.74,0.26,,78882.84990270104,78864.0068340434,102.5877,3.4785,0.0000,,,,,,,,,,
21:56:09.210,1777841769.210,230.79,69.21,0.74,0.26,,78882.85080270104,78864.0068340434,102.5877,3.4785,0.0000,,,,,,,,,,
21:56:09.421,1777841769.422,230.58,69.42,0.74,0.26,,78882.85080270104,78864.0068340434,102.5877,3.4785,0.0000,,,,,,,,,,
21:56:09.628,1777841769.628,230.37,69.63,0.74,0.26,,78882.85080270104,78864.0068340434,102.5877,3.4785,0.0000,,,,,,,,,,
21:56:09.832,1777841769.833,230.17,69.83,0.73,0.27,,78882.85080270104,78864.0068340434,102.5877,3.4785,0.0000,,,,,,,,,,
21:56:10.027,1777841770.028,229.97,70.03,0.72,0.28,,78882.85080270104,78864.0068340434,102.5877,3.4785,0.0000,,,,,,,,,,
21:56:10.258,1777841770.258,229.74,70.26,0.71,0.29,,78882.85080270104,78864.0068340434,102.5877,3.4785,0.0000,,,,,,,,,,
21:56:10.466,1777841770.466,229.53,70.47,0.73,0.27,,78881.62519312186,78864.0068340434,102.5877,3.4785,0.0000,,,,,,,,,,
21:56:10.681,1777841770.681,229.32,70.68,0.73,0.27,,78881.62519312186,78864.0068340434,102.5877,3.4785,0.0000,,,,,,,,,,
21:56:10.887,1777841770.887,229.11,70.89,0.71,0.29,,78881.62519312186,78864.0068340434,102.5877,3.4785,0.0000,,,,,,,,,,
21:56:11.082,1777841771.083,228.92,71.08,0.69,0.31,,78881.62519312186,78864.0068340434,102.5877,3.4785,0.0000,,,,,,,,,,
21:56:11.302,1777841771.302,228.70,71.30,0.71,0.29,,78881.62519312186,78864.0068340434,102.5877,3.4785,0.0000,,,,,,,,,,
21:56:11.511,1777841771.512,228.49,71.51,0.69,0.31,,78881.62519312186,78864.0068340434,102.5877,3.4785,0.0000,,,,,,,,,,
21:56:11.717,1777841771.717,228.28,71.72,0.69,0.31,,78881.62519312186,78864.0068340434,102.5877,3.4785,0.0000,,,,,,,,,,
21:56:11.927,1777841771.927,228.07,71.93,0.69,0.31,,78883.72499986606,78864.0068340434,102.5877,3.4785,0.0000,,,,,,,,,,
21:56:12.143,1777841772.144,227.86,72.14,0.69,0.31,,78883.72499986606,78864.0068340434,102.5877,3.4785,0.0000,,,,,,,,,,
21:56:12.362,1777841772.363,227.64,72.36,0.69,0.31,,78883.72499986606,78864.0068340434,102.5877,3.4785,0.0000,,,,,,,,,,
21:56:12.576,1777841772.577,227.42,72.58,0.69,0.31,,78880.68576,78864.0068340434,102.5877,3.4785,0.0000,,,,,,,,,,
21:56:12.785,1777841772.785,227.21,72.79,0.69,0.31,,78880.68576,78864.0068340434,102.5877,3.4785,0.0000,,,,,,,,,,
21:56:12.977,1777841772.977,227.02,72.98,0.69,0.31,,78880.68576,78864.0068340434,102.5877,3.4785,0.0000,,,,,,,,,,
21:56:13.193,1777841773.193,226.81,73.19,0.69,0.31,,78880.68576,78864.0068340434,102.5877,3.4785,0.0000,,,,,,,,,,
21:56:13.395,1777841773.396,226.60,73.40,0.69,0.31,,78880.68576,78864.0068340434,102.5877,3.4785,0.0000,,,,,,,,,,
21:56:13.602,1777841773.603,226.40,73.60,0.69,0.31,,78879.11924466873,78864.0068340434,102.5877,3.4785,0.0000,,,,,,,,,,
21:56:13.823,1777841773.824,226.18,73.82,0.69,0.31,,78879.11924466873,78864.0068340434,102.5877,3.4785,0.0000,,,,,,,,,,
21:56:14.040,1777841774.041,225.96,74.04,0.69,0.31,,78879.11924466873,78864.0068340434,102.5877,3.4785,0.0000,,,,,,,,,,
21:56:14.241,1777841774.241,225.76,74.24,0.69,0.31,,78879.149275,78864.0068340434,102.5877,3.4785,0.0000,,,,,,,,,,
21:56:14.463,1777841774.463,225.54,74.46,0.69,0.31,,78879.149275,78864.0068340434,102.5877,3.4785,0.0000,,,,,,,,,,
21:56:14.671,1777841774.671,225.33,74.67,0.69,0.31,,78879.149275,78864.0068340434,102.5877,3.4785,0.0000,,,,,,,,,,
21:56:14.898,1777841774.898,225.10,74.90,0.69,0.31,,78879.149275,78864.0068340434,102.5877,3.4785,0.0000,,,,,,,,,,
23:34:13.576,1777847653.577,-5653.58,5953.58,0.69,0.31,,78879.82524,78864.0068340434,106.0662,0.0000,0.0000,resolve,up,2.0000,,3.4785,,up_tok=3.4785 down_tok=0.0000,up,3.4785,1.4785
